path,filename,class_name,label,total_frames,fps,width,height,resolution,duration_sec,file_size_mb,readable,md5
/content/ShopDataSet/Shop DataSet/shop lifters/videyyyyyyyyyss_6.mp4,videyyyyyyyyyss_6.mp4,shop lifters,1,300,25.0,704,576,704x576,12.0,0.56,True,21d3bf5d096465ebdd44e88dd2fc03d0
/content/ShopDataSet/Shop DataSet/shop lifters/shop_lifter_70.mp4,shop_lifter_70.mp4,shop lifters,1,223,24.75,704,576,704x576,9.01,1.84,True,8ea58e72d37d13994d9b270d00fc30aa
/content/ShopDataSet/Shop DataSet/shop lifters/videppppsss_42.mp4,videppppsss_42.mp4,shop lifters,1,275,25.0,704,576,704x576,11.0,0.63,True,a8a18f52f73158c8092761ea3a6563f8
/content/ShopDataSet/Shop DataSet/shop lifters/videyyyyyyyyyss_26.mp4,videyyyyyyyyyss_26.mp4,shop lifters,1,200,25.0,704,576,704x576,8.0,0.36,True,b2ca539198248b0c977500e831668caa
/content/ShopDataSet/Shop DataSet/shop lifters/shop_lifter_127.mp4,shop_lifter_127.mp4,shop lifters,1,375,25.0,704,576,704x576,15.0,3.2,True,643cc6c3f6e0e87a725afed0b3675d36
/content/ShopDataSet/Shop DataSet/shop lifters/videyyyyyyyyyss_7.mp4,videyyyyyyyyyss_7.mp4,shop lifters,1,300,25.0,704,576,704x576,12.0,0.55,True,011c66ef0164b2666aa97ffd4132fc6f
/content/ShopDataSet/Shop DataSet/shop lifters/videppppsss_40.mp4,videppppsss_40.mp4,shop lifters,1,225,25.0,704,576,704x576,9.0,0.44,True,294c89d3261462a6547b97a605b17a18
/content/ShopDataSet/Shop DataSet/shop lifters/videmmmmmmsss_90.mp4,videmmmmmmsss_90.mp4,shop lifters,1,297,24.75,704,576,704x576,12.0,0.57,True,114094dca6ba647626e139d0118805f0
/content/ShopDataSet/Shop DataSet/shop lifters/videyyyyyyyyyss_9.mp4,videyyyyyyyyyss_9.mp4,shop lifters,1,300,25.0,704,576,704x576,12.0,0.57,True,05c1219ee7bf0bcf5245230646f0d1d1
/content/ShopDataSet/Shop DataSet/shop lifters/shop_lifter_3.mp4,shop_lifter_3.mp4,shop lifters,1,198,24.75,704,576,704x576,8.0,1.62,True,c119c1669fdeaa1b35261ce54ee1fc6a
/content/ShopDataSet/Shop DataSet/shop lifters/shop_lifter_50.mp4,shop_lifter_50.mp4,shop lifters,1,446,24.75,704,576,704x576,18.02,3.91,True,e02def0897f2e16f34c7dc2334c12af1
/content/ShopDataSet/Shop DataSet/shop lifters/videyyyyyynnnnnnzzzzzyyyss_8.mp4,videyyyyyynnnnnnzzzzzyyyss_8.mp4,shop lifters,1,300,25.0,704,576,704x576,12.0,0.55,True,32607649d147627330bd2ba3a0c108f1
/content/ShopDataSet/Shop DataSet/shop lifters/videyyyyyyzzzzzyyyss_13.mp4,videyyyyyyzzzzzyyyss_13.mp4,shop lifters,1,300,25.0,704,576,704x576,12.0,0.56,True,71302fac26b6bdf2194f93b679e96f31
/content/ShopDataSet/Shop DataSet/shop lifters/videyyyyyyyyyss_53.mp4,videyyyyyyyyyss_53.mp4,shop lifters,1,275,25.0,704,576,704x576,11.0,0.48,True,f539d3e5f5e50b626977e7d1329d1ec0
/content/ShopDataSet/Shop DataSet/shop lifters/videyyyyyyyyyss_16.mp4,videyyyyyyyyyss_16.mp4,shop lifters,1,250,25.0,704,576,704x576,10.0,0.56,True,f00714ef4f5a0cf18130e01fd0e9a59c
/content/ShopDataSet/Shop DataSet/shop lifters/shop_lifter_89.mp4,shop_lifter_89.mp4,shop lifters,1,500,25.0,704,576,704x576,20.0,3.79,True,58e5469e21cf65f6f05aca012cb5db0a
/content/ShopDataSet/Shop DataSet/shop lifters/shop_lifter_86.mp4,shop_lifter_86.mp4,shop lifters,1,325,25.0,704,576,704x576,13.0,2.46,True,0a938c3cfc464c819b1554506bb669ef
/content/ShopDataSet/Shop DataSet/shop lifters/videppppsss_26.mp4,videppppsss_26.mp4,shop lifters,1,400,25.0,704,576,704x576,16.0,0.66,True,3117fcc6f962860fc1d66a933f078f2b
/content/ShopDataSet/Shop DataSet/shop lifters/shop_lifter_62.mp4,shop_lifter_62.mp4,shop lifters,1,174,24.75,704,576,704x576,7.03,1.46,True,b1c8ee511de687cee33687979fc7038a
/content/ShopDataSet/Shop DataSet/shop lifters/shop_lifter_20.mp4,shop_lifter_20.mp4,shop lifters,1,446,24.75,704,576,704x576,18.02,3.44,True,83f05d044ff307a54f443e021de7b4df
/content/ShopDataSet/Shop DataSet/shop lifters/videyyyyyyzzzzzyyyss_20.mp4,videyyyyyyzzzzzyyyss_20.mp4,shop lifters,1,200,25.0,704,576,704x576,8.0,0.36,True,690a4981f4d30404343efc02b0df41a2
/content/ShopDataSet/Shop DataSet/shop lifters/shop_lifter_67.mp4,shop_lifter_67.mp4,shop lifters,1,347,24.75,704,576,704x576,14.02,3.13,True,7a9267879729151a36144445c8520e8a
/content/ShopDataSet/Shop DataSet/shop lifters/shop_lifter_93.mp4,shop_lifter_93.mp4,shop lifters,1,375,25.0,704,576,704x576,15.0,2.74,True,c9f59faac02446142ac980b1004e3e38
/content/ShopDataSet/Shop DataSet/shop lifters/videppppsss_46.mp4,videppppsss_46.mp4,shop lifters,1,300,25.0,704,576,704x576,12.0,0.74,True,aac29dbeed5e84295bca3cd3d0b3c7db
/content/ShopDataSet/Shop DataSet/shop lifters/videyyyyyyyyyss_56.mp4,videyyyyyyyyyss_56.mp4,shop lifters,1,300,25.0,704,576,704x576,12.0,0.51,True,63ce0bb0fb5a2713851b00153cde575c
/content/ShopDataSet/Shop DataSet/shop lifters/videyyyyyyyyyss_5.mp4,videyyyyyyyyyss_5.mp4,shop lifters,1,250,25.0,704,576,704x576,10.0,0.4,True,619a5f5bb524afba2fe933554b6fe43b
/content/ShopDataSet/Shop DataSet/shop lifters/videyyyyyyyyyss_65.mp4,videyyyyyyyyyss_65.mp4,shop lifters,1,325,25.0,704,576,704x576,13.0,0.59,True,0bb281c7cd25089f031143b349e68b3c
/content/ShopDataSet/Shop DataSet/shop lifters/videyyyyyyyyyss_33.mp4,videyyyyyyyyyss_33.mp4,shop lifters,1,175,25.0,704,576,704x576,7.0,0.32,True,02b9d2bf0f08cf49ccfa5117515947ce
/content/ShopDataSet/Shop DataSet/shop lifters/videmmmmmmsss_101.mp4,videmmmmmmsss_101.mp4,shop lifters,1,248,24.75,704,576,704x576,10.02,0.38,True,015764aaec3cb2e7b05bd9dc7cd7bcaa
/content/ShopDataSet/Shop DataSet/shop lifters/videppppsss_55.mp4,videppppsss_55.mp4,shop lifters,1,150,25.0,704,576,704x576,6.0,0.32,True,acac75902068d2a068f947939e30a84e
/content/ShopDataSet/Shop DataSet/shop lifters/shop_lifter_122.mp4,shop_lifter_122.mp4,shop lifters,1,400,25.0,704,576,704x576,16.0,3.15,True,885047155c59f526fcea9770c5306d96
/content/ShopDataSet/Shop DataSet/shop lifters/shop_lifter_41.mp4,shop_lifter_41.mp4,shop lifters,1,396,24.75,704,576,704x576,16.0,3.1,True,9a8b1cc5fee24457d67c1b7c7f181e8a
/content/ShopDataSet/Shop DataSet/shop lifters/shop_lifter_1.mp4,shop_lifter_1.mp4,shop lifters,1,223,24.75,704,576,704x576,9.01,1.92,True,319029c692def14f86baeece11a9d2d3
/content/ShopDataSet/Shop DataSet/shop lifters/shop_lifter_113.mp4,shop_lifter_113.mp4,shop lifters,1,325,25.0,704,576,704x576,13.0,2.54,True,a87ba2834ab65f0d3452d6123732b412
/content/ShopDataSet/Shop DataSet/shop lifters/videyyyyyyyyyss_31.mp4,videyyyyyyyyyss_31.mp4,shop lifters,1,225,25.0,704,576,704x576,9.0,0.42,True,61675f0e86b45b8787e50175e46b0655
/content/ShopDataSet/Shop DataSet/shop lifters/shop_lifter_69.mp4,shop_lifter_69.mp4,shop lifters,1,198,24.75,704,576,704x576,8.0,1.65,True,c91be1cb194925ef9c25d0b9e347d9c6
/content/ShopDataSet/Shop DataSet/shop lifters/shop_lifter_71.mp4,shop_lifter_71.mp4,shop lifters,1,248,24.75,704,576,704x576,10.02,2.06,True,9e4db87f8533247f9e3711c7d754363f
/content/ShopDataSet/Shop DataSet/shop lifters/videyyyyyyyyyss_25.mp4,videyyyyyyyyyss_25.mp4,shop lifters,1,275,25.0,704,576,704x576,11.0,0.67,True,ff40a3a5d717b714ccad4f9a934042a3
/content/ShopDataSet/Shop DataSet/shop lifters/videyyyyyynnnnnnzzzzzyyyss_18.mp4,videyyyyyynnnnnnzzzzzyyyss_18.mp4,shop lifters,1,225,25.0,704,576,704x576,9.0,0.47,True,cef1a4c16b6282c2eb229ead47399f38
/content/ShopDataSet/Shop DataSet/shop lifters/videppppsss_44.mp4,videppppsss_44.mp4,shop lifters,1,300,25.0,704,576,704x576,12.0,0.66,True,908e68a57eeb580d5f7fd0a3d0f9f71a
/content/ShopDataSet/Shop DataSet/shop lifters/shop_lifter_63.mp4,shop_lifter_63.mp4,shop lifters,1,223,24.75,704,576,704x576,9.01,1.8,True,baeca0e6967668bd15dbb986d265e3b3
/content/ShopDataSet/Shop DataSet/shop lifters/videmmmmmmsss_99.mp4,videmmmmmmsss_99.mp4,shop lifters,1,273,24.75,704,576,704x576,11.03,0.49,True,f68ae8903d16bf8c366ce6d684a0be83
/content/ShopDataSet/Shop DataSet/shop lifters/videmmmmmmsss_100.mp4,videmmmmmmsss_100.mp4,shop lifters,1,248,24.75,704,576,704x576,10.02,0.39,True,453109d405a31bb5361b3c8c58881ee4
/content/ShopDataSet/Shop DataSet/shop lifters/videppppsss_35.mp4,videppppsss_35.mp4,shop lifters,1,375,25.0,704,576,704x576,15.0,0.65,True,0020b24510b50a798794467c134a0024
/content/ShopDataSet/Shop DataSet/shop lifters/videyyyyyyzzzzzyyyss_7.mp4,videyyyyyyzzzzzyyyss_7.mp4,shop lifters,1,275,25.0,704,576,704x576,11.0,0.51,True,d7bdde39a1cc3a0082957f6d79c1e82d
/content/ShopDataSet/Shop DataSet/shop lifters/videyyyyyyyyyss_17.mp4,videyyyyyyyyyss_17.mp4,shop lifters,1,275,25.0,704,576,704x576,11.0,0.66,True,3d948414ed34e64cc327b3a3241768dc
/content/ShopDataSet/Shop DataSet/shop lifters/videyyyyyynnnnnnzzzzzyyyss_29.mp4,videyyyyyynnnnnnzzzzzyyyss_29.mp4,shop lifters,1,250,25.0,704,576,704x576,10.0,0.45,True,0a1646cd235913959c26bfc3747930cb
/content/ShopDataSet/Shop DataSet/shop lifters/shop_lifter_2.mp4,shop_lifter_2.mp4,shop lifters,1,174,24.75,704,576,704x576,7.03,1.43,True,e755db1dabf4243eee1342f58dad447c
/content/ShopDataSet/Shop DataSet/shop lifters/videyyyyyynnnnnnzzzzzyyyss_28.mp4,videyyyyyynnnnnnzzzzzyyyss_28.mp4,shop lifters,1,150,25.0,704,576,704x576,6.0,0.31,True,a60f1b89f067f0331937d904bbde70a9
/content/ShopDataSet/Shop DataSet/shop lifters/shop_lifter_120.mp4,shop_lifter_120.mp4,shop lifters,1,475,25.0,704,576,704x576,19.0,3.69,True,46974683d00d286767499bdc08dee234
/content/ShopDataSet/Shop DataSet/shop lifters/videyyyyyyyyyss_64.mp4,videyyyyyyyyyss_64.mp4,shop lifters,1,275,25.0,704,576,704x576,11.0,0.51,True,9e8205148897ba2e35eb290dc426bb87
/content/ShopDataSet/Shop DataSet/shop lifters/shop_lifter_57.mp4,shop_lifter_57.mp4,shop lifters,1,198,24.75,704,576,704x576,8.0,1.63,True,32a56149114c6f6c75a82efd32955c0a
/content/ShopDataSet/Shop DataSet/shop lifters/videmmmmmmsss_97.mp4,videmmmmmmsss_97.mp4,shop lifters,1,223,24.75,704,576,704x576,9.01,0.35,True,d6f36893a4096332b31b6130e334868e
/content/ShopDataSet/Shop DataSet/shop lifters/shop_lifter_43.mp4,shop_lifter_43.mp4,shop lifters,1,421,24.75,704,576,704x576,17.01,3.36,True,f836b1ad4866795cecca6f725f253aba
/content/ShopDataSet/Shop DataSet/shop lifters/shop_lifter_80.mp4,shop_lifter_80.mp4,shop lifters,1,223,24.75,704,576,704x576,9.01,1.72,True,9a23997ab3e45d0c31db19f064bd05d6
/content/ShopDataSet/Shop DataSet/shop lifters/videppppsss_49.mp4,videppppsss_49.mp4,shop lifters,1,275,25.0,704,576,704x576,11.0,0.63,True,c3b52a3214c6c6a9369ea24f533d1366
/content/ShopDataSet/Shop DataSet/shop lifters/videyyyyyyyyyss_3.mp4,videyyyyyyyyyss_3.mp4,shop lifters,1,325,25.0,704,576,704x576,13.0,0.58,True,f0bd805a345803a3cd9f52af3e49162d
/content/ShopDataSet/Shop DataSet/shop lifters/videppppsss_48.mp4,videppppsss_48.mp4,shop lifters,1,250,25.0,704,576,704x576,10.0,0.52,True,739c93657d9cdd732c90a07ce3892428
/content/ShopDataSet/Shop DataSet/shop lifters/videppppsss_50.mp4,videppppsss_50.mp4,shop lifters,1,200,25.0,704,576,704x576,8.0,0.35,True,ca4275a41a531c3d9ed705082ed38143
/content/ShopDataSet/Shop DataSet/shop lifters/videyyyyyyyyyss_35.mp4,videyyyyyyyyyss_35.mp4,shop lifters,1,175,25.0,704,576,704x576,7.0,0.32,True,d4b910cce6857636359c3e10ec90d438
/content/ShopDataSet/Shop DataSet/shop lifters/videyyyyyyyyyss_54.mp4,videyyyyyyyyyss_54.mp4,shop lifters,1,225,25.0,704,576,704x576,9.0,0.37,True,ebaff695059e51e2a11ea7fd56928d1b
/content/ShopDataSet/Shop DataSet/shop lifters/videyyyyyyyyyss_11.mp4,videyyyyyyyyyss_11.mp4,shop lifters,1,275,25.0,704,576,704x576,11.0,0.54,True,efaaede45c04f4ca9031e3770fd41418
/content/ShopDataSet/Shop DataSet/shop lifters/videyyyyyyzzzzzyyyss_23.mp4,videyyyyyyzzzzzyyyss_23.mp4,shop lifters,1,250,25.0,704,576,704x576,10.0,0.45,True,75d9662591d6b2f965c9b39ddd8034fc
/content/ShopDataSet/Shop DataSet/shop lifters/shop_lifter_126.mp4,shop_lifter_126.mp4,shop lifters,1,350,25.0,704,576,704x576,14.0,2.87,True,6d1cd1558df23c74ce48c7dd7690866e
/content/ShopDataSet/Shop DataSet/shop lifters/videyyyyyynnnnnnzzzzzyyyss_21.mp4,videyyyyyynnnnnnzzzzzyyyss_21.mp4,shop lifters,1,250,25.0,704,576,704x576,10.0,0.56,True,bd6a21f083bf6a085eb802b1db6d33b2
/content/ShopDataSet/Shop DataSet/shop lifters/videppppsss_47.mp4,videppppsss_47.mp4,shop lifters,1,225,25.0,704,576,704x576,9.0,0.47,True,0258ff113893ff365d20ccc924e7b6c5
/content/ShopDataSet/Shop DataSet/shop lifters/videmmmmmmsss_93.mp4,videmmmmmmsss_93.mp4,shop lifters,1,248,24.75,704,576,704x576,10.02,0.41,True,a635f77cb27e74dbfa3f45f68640b214
/content/ShopDataSet/Shop DataSet/shop lifters/shop_lifter_87.mp4,shop_lifter_87.mp4,shop lifters,1,350,25.0,704,576,704x576,14.0,2.62,True,68dfc32e7e4630e492b815dcdb5b5624
/content/ShopDataSet/Shop DataSet/shop lifters/videmmmmmmsss_102.mp4,videmmmmmmsss_102.mp4,shop lifters,1,248,24.75,704,576,704x576,10.02,0.38,True,90f72d6ce8e34fcefebcac40124c4fd7
/content/ShopDataSet/Shop DataSet/shop lifters/shop_lifter_56.mp4,shop_lifter_56.mp4,shop lifters,1,223,24.75,704,576,704x576,9.01,1.82,True,b9e0f708a8695e48ec4db0805a9fe9f6
/content/ShopDataSet/Shop DataSet/shop lifters/videyyyyyynnnnnnzzzzzyyyss_20.mp4,videyyyyyynnnnnnzzzzzyyyss_20.mp4,shop lifters,1,250,25.0,704,576,704x576,10.0,0.56,True,5ec9c2ce2f276b1f4e542ebf0d336222
/content/ShopDataSet/Shop DataSet/shop lifters/videyyyyyynnnnnnzzzzzyyyss_27.mp4,videyyyyyynnnnnnzzzzzyyyss_27.mp4,shop lifters,1,250,25.0,704,576,704x576,10.0,0.56,True,a64f2646458020cd62ecd0ef6270845b
/content/ShopDataSet/Shop DataSet/shop lifters/shop_lifter_116.mp4,shop_lifter_116.mp4,shop lifters,1,375,25.0,704,576,704x576,15.0,2.93,True,83d959daa1f111a4dd06d282a451fa2d
/content/ShopDataSet/Shop DataSet/shop lifters/videyyyyyyzzzzzyyyss_5.mp4,videyyyyyyzzzzzyyyss_5.mp4,shop lifters,1,300,25.0,704,576,704x576,12.0,0.5,True,c33151f21f69f1849782056719fee833
/content/ShopDataSet/Shop DataSet/shop lifters/shop_lifter_100.mp4,shop_lifter_100.mp4,shop lifters,1,350,25.0,704,576,704x576,14.0,2.65,True,e0e2a384848c2704f57e0b464a638cca
/content/ShopDataSet/Shop DataSet/shop lifters/videppppsss_31.mp4,videppppsss_31.mp4,shop lifters,1,425,25.0,704,576,704x576,17.0,0.72,True,28067d873a5cdd9b6cc3fc383157b147
/content/ShopDataSet/Shop DataSet/shop lifters/videppppsss_34.mp4,videppppsss_34.mp4,shop lifters,1,400,25.0,704,576,704x576,16.0,0.66,True,e0700b0e8ea4e9266eac74dd87174dd6
/content/ShopDataSet/Shop DataSet/shop lifters/videyyyyyyzzzzzyyyss_14.mp4,videyyyyyyzzzzzyyyss_14.mp4,shop lifters,1,250,25.0,704,576,704x576,10.0,0.37,True,6b6d2adf573dc2587b10beb016bef8ee
/content/ShopDataSet/Shop DataSet/shop lifters/shop_lifter_72.mp4,shop_lifter_72.mp4,shop lifters,1,248,24.75,704,576,704x576,10.02,2.05,True,182c31f05b721b030db1bcdef67b97da
/content/ShopDataSet/Shop DataSet/shop lifters/videyyyyyyyyyss_20.mp4,videyyyyyyyyyss_20.mp4,shop lifters,1,225,25.0,704,576,704x576,9.0,0.53,True,eba32722fdb66f60ed22aa544a8f0d92
/content/ShopDataSet/Shop DataSet/shop lifters/shop_lifter_52.mp4,shop_lifter_52.mp4,shop lifters,1,223,24.75,704,576,704x576,9.01,1.9,True,5b90f425ff3c4fa267048daeee1f84d4
/content/ShopDataSet/Shop DataSet/shop lifters/shop_lifter_36.mp4,shop_lifter_36.mp4,shop lifters,1,396,24.75,704,576,704x576,16.0,3.13,True,947e86b8f5b6972dee9f8cea8e1c4fa1
/content/ShopDataSet/Shop DataSet/shop lifters/videppppsss_32.mp4,videppppsss_32.mp4,shop lifters,1,325,25.0,704,576,704x576,13.0,0.58,True,a0384a5970d41bb3a43c17211fd89622
/content/ShopDataSet/Shop DataSet/shop lifters/videppppsss_23.mp4,videppppsss_23.mp4,shop lifters,1,375,25.0,704,576,704x576,15.0,0.62,True,71f5b3965004488498286dc4129daaf6
/content/ShopDataSet/Shop DataSet/shop lifters/videyyyyyyyyyss_49.mp4,videyyyyyyyyyss_49.mp4,shop lifters,1,250,25.0,704,576,704x576,10.0,0.39,True,ef390e5443b7d03512e5a0a12589be00
/content/ShopDataSet/Shop DataSet/shop lifters/shop_lifter_18.mp4,shop_lifter_18.mp4,shop lifters,1,396,24.75,704,576,704x576,16.0,2.98,True,bfa3f206efc1e0de046f102cb594a6c7
/content/ShopDataSet/Shop DataSet/shop lifters/shop_lifter_124.mp4,shop_lifter_124.mp4,shop lifters,1,375,25.0,704,576,704x576,15.0,3.11,True,41d17317dd4280e559cafa07a3a9bc83
/content/ShopDataSet/Shop DataSet/shop lifters/shop_lifter_61.mp4,shop_lifter_61.mp4,shop lifters,1,198,24.75,704,576,704x576,8.0,1.66,True,def42c2c8d9a66d531924ee8764bd551
/content/ShopDataSet/Shop DataSet/shop lifters/videyyyyyyyyyss_50.mp4,videyyyyyyyyyss_50.mp4,shop lifters,1,250,25.0,704,576,704x576,10.0,0.36,True,2713546d697fd01043ebadf0c80437a8
/content/ShopDataSet/Shop DataSet/shop lifters/videyyyyyynnnnnnzzzzzyyyss_4.mp4,videyyyyyynnnnnnzzzzzyyyss_4.mp4,shop lifters,1,350,25.0,704,576,704x576,14.0,0.65,True,24d4bfd76a0561e882598a1d7ef4a956
/content/ShopDataSet/Shop DataSet/shop lifters/videyyyyyyzzzzzyyyss_16.mp4,videyyyyyyzzzzzyyyss_16.mp4,shop lifters,1,250,25.0,704,576,704x576,10.0,0.44,True,5876c2d7b3e555f482da219828a11c2b
/content/ShopDataSet/Shop DataSet/shop lifters/shop_lifter_98.mp4,shop_lifter_98.mp4,shop lifters,1,400,25.0,704,576,704x576,16.0,2.99,True,5387473c69796bc89cd643a2e890fc61
/content/ShopDataSet/Shop DataSet/shop lifters/videyyyyyyyyyss_27.mp4,videyyyyyyyyyss_27.mp4,shop lifters,1,225,25.0,704,576,704x576,9.0,0.42,True,b6f446124066b2cdddd8e2119e2949f9
/content/ShopDataSet/Shop DataSet/shop lifters/shop_lifter_29.mp4,shop_lifter_29.mp4,shop lifters,1,396,24.75,704,576,704x576,16.0,2.98,True,8a38ae88079c64c9e8611973fc400fb7
/content/ShopDataSet/Shop DataSet/shop lifters/shop_lifter_115.mp4,shop_lifter_115.mp4,shop lifters,1,400,25.0,704,576,704x576,16.0,3.05,True,b517f91317f3fdc457907590f553ef1d
/content/ShopDataSet/Shop DataSet/shop lifters/shop_lifter_101.mp4,shop_lifter_101.mp4,shop lifters,1,375,25.0,704,576,704x576,15.0,2.83,True,96dd69deebebed563ebec00aaf998acd
/content/ShopDataSet/Shop DataSet/shop lifters/shop_lifter_34.mp4,shop_lifter_34.mp4,shop lifters,1,223,24.75,704,576,704x576,9.01,1.77,True,245a55d4a23aa9b03fc7f9ea8a76cd93
/content/ShopDataSet/Shop DataSet/shop lifters/videyyyyyynnnnnnzzzzzyyyss_13.mp4,videyyyyyynnnnnnzzzzzyyyss_13.mp4,shop lifters,1,250,25.0,704,576,704x576,10.0,0.53,True,7cdb8bd54c040a5fb25afe8365725f6d
/content/ShopDataSet/Shop DataSet/shop lifters/shop_lifter_60.mp4,shop_lifter_60.mp4,shop lifters,1,174,24.75,704,576,704x576,7.03,1.45,True,f8856cc98d01857caba43229fabd8ebb
/content/ShopDataSet/Shop DataSet/shop lifters/videyyyyyyzzzzzyyyss_24.mp4,videyyyyyyzzzzzyyyss_24.mp4,shop lifters,1,275,25.0,704,576,704x576,11.0,0.55,True,2cc6555e530c0a4a11a77b1abb60883b
/content/ShopDataSet/Shop DataSet/shop lifters/videyyyyyynnnnnnzzzzzyyyss_1.mp4,videyyyyyynnnnnnzzzzzyyyss_1.mp4,shop lifters,1,350,25.0,704,576,704x576,14.0,0.57,True,1a63e94eca065f5c922c452d4e51b1ae
/content/ShopDataSet/Shop DataSet/shop lifters/videyyyyyyzzzzzyyyss_9.mp4,videyyyyyyzzzzzyyyss_9.mp4,shop lifters,1,250,25.0,704,576,704x576,10.0,0.36,True,93c1cbd49cd27ec72176fb6671de0b82
/content/ShopDataSet/Shop DataSet/shop lifters/videyyyyyynnnnnnzzzzzyyyss_14.mp4,videyyyyyynnnnnnzzzzzyyyss_14.mp4,shop lifters,1,225,25.0,704,576,704x576,9.0,0.39,True,6220126e7a9d244fa2b3bd16cdebef6d
/content/ShopDataSet/Shop DataSet/shop lifters/videyyyyyynnnnnnzzzzzyyyss_9.mp4,videyyyyyynnnnnnzzzzzyyyss_9.mp4,shop lifters,1,300,25.0,704,576,704x576,12.0,0.57,True,0339d3bc205d3c5c94176cd54555ea23
/content/ShopDataSet/Shop DataSet/shop lifters/videyyyyyyyyyss_30.mp4,videyyyyyyyyyss_30.mp4,shop lifters,1,175,25.0,704,576,704x576,7.0,0.35,True,bfd8a3c24ea861bb493dccec152dfddb
/content/ShopDataSet/Shop DataSet/shop lifters/shop_lifter_22.mp4,shop_lifter_22.mp4,shop lifters,1,396,24.75,704,576,704x576,16.0,3.01,True,bbe97e26a7fb8885c2edc266aa04abf7
/content/ShopDataSet/Shop DataSet/shop lifters/videyyyyyyyyyss_1.mp4,videyyyyyyyyyss_1.mp4,shop lifters,1,275,25.0,704,576,704x576,11.0,0.5,True,c1c6de99ef3671540adcc711a306fe23
/content/ShopDataSet/Shop DataSet/shop lifters/shop_lifter_47.mp4,shop_lifter_47.mp4,shop lifters,1,372,24.75,704,576,704x576,15.03,3.3,True,98336e682ca298dae6b32ea15c3401bc
/content/ShopDataSet/Shop DataSet/shop lifters/videyyyyyyzzzzzyyyss_21.mp4,videyyyyyyzzzzzyyyss_21.mp4,shop lifters,1,200,25.0,704,576,704x576,8.0,0.36,True,6eec6a03216033816e75e98c68edbfbe
/content/ShopDataSet/Shop DataSet/shop lifters/shop_lifter_91.mp4,shop_lifter_91.mp4,shop lifters,1,525,25.0,704,576,704x576,21.0,3.9,True,5bf8ce51a2fb07ca2dce0d9dd6333093
/content/ShopDataSet/Shop DataSet/shop lifters/videyyyyyyyyyss_15.mp4,videyyyyyyyyyss_15.mp4,shop lifters,1,325,25.0,704,576,704x576,13.0,0.6,True,b4cf35f0318737f8689d444f6a9f4738
/content/ShopDataSet/Shop DataSet/shop lifters/videyyyyyyzzzzzyyyss_10.mp4,videyyyyyyzzzzzyyyss_10.mp4,shop lifters,1,200,25.0,704,576,704x576,8.0,0.29,True,8f54831a9997295ab5d63bfe2fc822ee
/content/ShopDataSet/Shop DataSet/shop lifters/shop_lifter_104.mp4,shop_lifter_104.mp4,shop lifters,1,350,25.0,704,576,704x576,14.0,2.62,True,cc540766113ee57a017a140e3f8fd366
/content/ShopDataSet/Shop DataSet/shop lifters/shop_lifter_58.mp4,shop_lifter_58.mp4,shop lifters,1,273,24.75,704,576,704x576,11.03,2.25,True,cc069d5a345a9ca705eb4d3ebe9d5d7e
/content/ShopDataSet/Shop DataSet/shop lifters/videyyyyyyzzzzzyyyss_19.mp4,videyyyyyyzzzzzyyyss_19.mp4,shop lifters,1,250,25.0,704,576,704x576,10.0,0.56,True,1e25d27d31e495fcebccef8f9ccb35fb
/content/ShopDataSet/Shop DataSet/shop lifters/videyyyyyynnnnnnzzzzzyyyss_17.mp4,videyyyyyynnnnnnzzzzzyyyss_17.mp4,shop lifters,1,225,25.0,704,576,704x576,9.0,0.45,True,65a57c01f7f1ed85e6f6e156bf2013f7
/content/ShopDataSet/Shop DataSet/shop lifters/videyyyyyynnnnnnzzzzzyyyss_25.mp4,videyyyyyynnnnnnzzzzzyyyss_25.mp4,shop lifters,1,200,25.0,704,576,704x576,8.0,0.36,True,54a19b22ce3b84d154236392a1a01384
/content/ShopDataSet/Shop DataSet/shop lifters/videyyyyyyyyyss_22.mp4,videyyyyyyyyyss_22.mp4,shop lifters,1,325,25.0,704,576,704x576,13.0,0.76,True,6713bb12a08d008fdc042b5ce9469ec4
/content/ShopDataSet/Shop DataSet/shop lifters/videppppsss_39.mp4,videppppsss_39.mp4,shop lifters,1,425,25.0,704,576,704x576,17.0,0.73,True,56ac1611a4695057895d3d1f6ab347bc
/content/ShopDataSet/Shop DataSet/shop lifters/shop_lifter_77.mp4,shop_lifter_77.mp4,shop lifters,1,273,24.75,704,576,704x576,11.03,2.26,True,f18f551473ec3ddf65a395ada978ab60
/content/ShopDataSet/Shop DataSet/shop lifters/videyyyyyynnnnnnzzzzzyyyss_11.mp4,videyyyyyynnnnnnzzzzzyyyss_11.mp4,shop lifters,1,325,25.0,704,576,704x576,13.0,0.77,True,60519988711cbaceb0c9ccd5f1889632
/content/ShopDataSet/Shop DataSet/shop lifters/videyyyyyynnnnnnzzzzzyyyss_22.mp4,videyyyyyynnnnnnzzzzzyyyss_22.mp4,shop lifters,1,175,25.0,704,576,704x576,7.0,0.33,True,7b72b1ca13fb25e765fba49370c6b402
/content/ShopDataSet/Shop DataSet/shop lifters/videmmmmmmsss_85.mp4,videmmmmmmsss_85.mp4,shop lifters,1,248,24.75,704,576,704x576,10.02,0.36,True,ca0a8c5e794f1f5332da8c9709094e28
/content/ShopDataSet/Shop DataSet/shop lifters/videppppsss_41.mp4,videppppsss_41.mp4,shop lifters,1,300,25.0,704,576,704x576,12.0,0.74,True,c2509ffaf58885d8c057f94f0c3679fb
/content/ShopDataSet/Shop DataSet/shop lifters/videyyyyyynnnnnnzzzzzyyyss_26.mp4,videyyyyyynnnnnnzzzzzyyyss_26.mp4,shop lifters,1,225,25.0,704,576,704x576,9.0,0.53,True,9fc80e17ada06872532fe799f3c59ad4
/content/ShopDataSet/Shop DataSet/shop lifters/shop_lifter_78.mp4,shop_lifter_78.mp4,shop lifters,1,273,24.75,704,576,704x576,11.03,2.3,True,0b2a5fad850490b3fd89c55283b415af
/content/ShopDataSet/Shop DataSet/shop lifters/shop_lifter_76.mp4,shop_lifter_76.mp4,shop lifters,1,248,24.75,704,576,704x576,10.02,2.03,True,1ee14c348784c60e45c46aa291291e24
/content/ShopDataSet/Shop DataSet/shop lifters/videyyyyyyzzzzzyyyss_12.mp4,videyyyyyyzzzzzyyyss_12.mp4,shop lifters,1,375,25.0,704,576,704x576,15.0,0.64,True,7051a32f588502a44bb2ad9ccefef74f
/content/ShopDataSet/Shop DataSet/shop lifters/videyyyyyyyyyss_55.mp4,videyyyyyyyyyss_55.mp4,shop lifters,1,200,25.0,704,576,704x576,8.0,0.32,True,4777ecb7a4ab4e03e3fc026a4f54a02a
/content/ShopDataSet/Shop DataSet/shop lifters/shop_lifter_4.mp4,shop_lifter_4.mp4,shop lifters,1,174,24.75,704,576,704x576,7.03,1.44,True,21f951d74a7d9af0ea7ab4e61af2b385
/content/ShopDataSet/Shop DataSet/shop lifters/videppppsss_27.mp4,videppppsss_27.mp4,shop lifters,1,300,25.0,704,576,704x576,12.0,0.55,True,895c3b2e4ee7a4b13bd9811525adcb12
/content/ShopDataSet/Shop DataSet/shop lifters/videyyyyyynnnnnnzzzzzyyyss_16.mp4,videyyyyyynnnnnnzzzzzyyyss_16.mp4,shop lifters,1,200,25.0,704,576,704x576,8.0,0.4,True,7ece9dd24de89e7f8ae5f8ead47451ba
/content/ShopDataSet/Shop DataSet/shop lifters/shop_lifter_103.mp4,shop_lifter_103.mp4,shop lifters,1,425,25.0,704,576,704x576,17.0,3.17,True,74619ad910dda1a29f587f0d87144aa9
/content/ShopDataSet/Shop DataSet/shop lifters/videyyyyyyyyyss_12.mp4,videyyyyyyyyyss_12.mp4,shop lifters,1,325,25.0,704,576,704x576,13.0,0.6,True,840de07e1f751e8cabb6caeeef93a01e
/content/ShopDataSet/Shop DataSet/shop lifters/shop_lifter_123.mp4,shop_lifter_123.mp4,shop lifters,1,400,25.0,704,576,704x576,16.0,3.12,True,e36c9fa8771a00dd3d5b2fbdf8e216ab
/content/ShopDataSet/Shop DataSet/shop lifters/shop_lifter_23.mp4,shop_lifter_23.mp4,shop lifters,1,396,24.75,704,576,704x576,16.0,3.07,True,db5cdba6304236a75edb8cd9850b50b7
/content/ShopDataSet/Shop DataSet/shop lifters/shop_lifter_75.mp4,shop_lifter_75.mp4,shop lifters,1,248,24.75,704,576,704x576,10.02,2.06,True,b39544d779fc9319b7d917798effa22d
/content/ShopDataSet/Shop DataSet/shop lifters/videyyyyyyzzzzzyyyss_8.mp4,videyyyyyyzzzzzyyyss_8.mp4,shop lifters,1,350,25.0,704,576,704x576,14.0,0.56,True,bc06b11b23c7fd88b97e9b278b2b3873
/content/ShopDataSet/Shop DataSet/shop lifters/videppppsss_33.mp4,videppppsss_33.mp4,shop lifters,1,375,25.0,704,576,704x576,15.0,0.6,True,273a4bb1087b24c73b37210c7f26bead
/content/ShopDataSet/Shop DataSet/shop lifters/shop_lifter_107.mp4,shop_lifter_107.mp4,shop lifters,1,400,25.0,704,576,704x576,16.0,3.86,True,e831deafe1ff6e7fc91218785eee0d1c
/content/ShopDataSet/Shop DataSet/shop lifters/videyyyyyyyyyss_47.mp4,videyyyyyyyyyss_47.mp4,shop lifters,1,300,25.0,704,576,704x576,12.0,0.5,True,1c53c8ce3142e7518b73096a82d42dc4
/content/ShopDataSet/Shop DataSet/shop lifters/videyyyyyynnnnnnzzzzzyyyss_12.mp4,videyyyyyynnnnnnzzzzzyyyss_12.mp4,shop lifters,1,275,25.0,704,576,704x576,11.0,0.63,True,deac83505c7d0d1511f48f22b78939cb
/content/ShopDataSet/Shop DataSet/shop lifters/shop_lifter_102.mp4,shop_lifter_102.mp4,shop lifters,1,475,25.0,704,576,704x576,19.0,3.51,True,894ed6d288c0940b558580c4efbd9a6f
/content/ShopDataSet/Shop DataSet/shop lifters/shop_lifter_38.mp4,shop_lifter_38.mp4,shop lifters,1,495,24.75,704,576,704x576,20.0,3.85,True,3c98728d59a0e4efb18ec9313852ce8b
/content/ShopDataSet/Shop DataSet/shop lifters/videyyyyyyyyyss_8.mp4,videyyyyyyyyyss_8.mp4,shop lifters,1,225,25.0,704,576,704x576,9.0,0.39,True,c6ef1975d3e5590e79b1f5be3362216e
/content/ShopDataSet/Shop DataSet/shop lifters/shop_lifter_35.mp4,shop_lifter_35.mp4,shop lifters,1,372,24.75,704,576,704x576,15.03,2.91,True,36bee54ff7d8504e7c85fc39ee686949
/content/ShopDataSet/Shop DataSet/shop lifters/shop_lifter_90.mp4,shop_lifter_90.mp4,shop lifters,1,425,25.0,704,576,704x576,17.0,3.23,True,65c479dfc09e4e6f9ad0924068b9d783
/content/ShopDataSet/Shop DataSet/shop lifters/shop_lifter_45.mp4,shop_lifter_45.mp4,shop lifters,1,396,24.75,704,576,704x576,16.0,3.41,True,59520549a9b7c38ceefa987db1d4aeed
/content/ShopDataSet/Shop DataSet/shop lifters/shop_lifter_118.mp4,shop_lifter_118.mp4,shop lifters,1,500,25.0,704,576,704x576,20.0,3.82,True,7c5033961018b1d0058c99d539ddd6aa
/content/ShopDataSet/Shop DataSet/shop lifters/shop_lifter_46.mp4,shop_lifter_46.mp4,shop lifters,1,322,24.75,704,576,704x576,13.01,2.68,True,1de2abfd558aaa1acc026829349c39ec
/content/ShopDataSet/Shop DataSet/shop lifters/videyyyyyyyyyss_60.mp4,videyyyyyyyyyss_60.mp4,shop lifters,1,250,25.0,704,576,704x576,10.0,0.4,True,a70720ce260b093ccf021a2c560e9297
/content/ShopDataSet/Shop DataSet/shop lifters/shop_lifter_59.mp4,shop_lifter_59.mp4,shop lifters,1,198,24.75,704,576,704x576,8.0,1.7,True,06e510792d27d47c566fede9300737c3
/content/ShopDataSet/Shop DataSet/shop lifters/videyyyyyyzzzzzyyyss_17.mp4,videyyyyyyzzzzzyyyss_17.mp4,shop lifters,1,300,25.0,704,576,704x576,12.0,0.66,True,5fb896a4f91a3f1731eb1a9349a57dee
/content/ShopDataSet/Shop DataSet/shop lifters/shop_lifter_48.mp4,shop_lifter_48.mp4,shop lifters,1,322,24.75,704,576,704x576,13.01,2.85,True,0fb1e7003641d2c84ff3c86e2aee63c4
/content/ShopDataSet/Shop DataSet/shop lifters/videyyyyyynnnnnnzzzzzyyyss_2.mp4,videyyyyyynnnnnnzzzzzyyyss_2.mp4,shop lifters,1,325,25.0,704,576,704x576,13.0,0.61,True,253cd0c131dcc0ba42316d739cc71c1f
/content/ShopDataSet/Shop DataSet/shop lifters/shop_lifter_40.mp4,shop_lifter_40.mp4,shop lifters,1,396,24.75,704,576,704x576,16.0,3.09,True,eddfec9cac4fc630f6219268fdb9453b
/content/ShopDataSet/Shop DataSet/shop lifters/videyyyyyyyyyss_41.mp4,videyyyyyyyyyss_41.mp4,shop lifters,1,200,25.0,704,576,704x576,8.0,0.3,True,527a898a0b2c044943c0ac3eadbde80e
/content/ShopDataSet/Shop DataSet/shop lifters/videppppsss_36.mp4,videppppsss_36.mp4,shop lifters,1,375,25.0,704,576,704x576,15.0,0.7,True,f6ff1b27f5d9308027d9ac927f874473
/content/ShopDataSet/Shop DataSet/shop lifters/shop_lifter_55.mp4,shop_lifter_55.mp4,shop lifters,1,198,24.75,704,576,704x576,8.0,1.65,True,3e9e26056b6d979aa30c52e633179fcf
/content/ShopDataSet/Shop DataSet/shop lifters/videyyyyyyyyyss_61.mp4,videyyyyyyyyyss_61.mp4,shop lifters,1,300,25.0,704,576,704x576,12.0,0.55,True,2b31e03dbb9c8f41161a9eda7ca3ff5b
/content/ShopDataSet/Shop DataSet/shop lifters/shop_lifter_114.mp4,shop_lifter_114.mp4,shop lifters,1,350,25.0,704,576,704x576,14.0,2.58,True,115b937df5593db69b564daefa1eee2a
/content/ShopDataSet/Shop DataSet/shop lifters/videyyyyyyzzzzzyyyss_1.mp4,videyyyyyyzzzzzyyyss_1.mp4,shop lifters,1,400,25.0,704,576,704x576,16.0,0.63,True,b083fdbbe81fe83fe48eb2507f616a2e
/content/ShopDataSet/Shop DataSet/shop lifters/shop_lifter_117.mp4,shop_lifter_117.mp4,shop lifters,1,475,25.0,704,576,704x576,19.0,3.57,True,364d375084cbd5e58a9dafea32842dbb
/content/ShopDataSet/Shop DataSet/shop lifters/shop_lifter_53.mp4,shop_lifter_53.mp4,shop lifters,1,372,24.75,704,576,704x576,15.03,3.29,True,c9a8f0ae423d3239526f3d74ec947008
/content/ShopDataSet/Shop DataSet/shop lifters/shop_lifter_49.mp4,shop_lifter_49.mp4,shop lifters,1,347,24.75,704,576,704x576,14.02,3.03,True,df883657cf9068426418c446bbf02709
/content/ShopDataSet/Shop DataSet/shop lifters/shop_lifter_110.mp4,shop_lifter_110.mp4,shop lifters,1,525,25.0,704,576,704x576,21.0,3.84,True,948fe5db5e5cc88df57f8419409fa80a
/content/ShopDataSet/Shop DataSet/shop lifters/shop_lifter_92.mp4,shop_lifter_92.mp4,shop lifters,1,375,25.0,704,576,704x576,15.0,2.76,True,ebc49a2155b4300e0629c48356707700
/content/ShopDataSet/Shop DataSet/shop lifters/videyyyyyyyyyss_34.mp4,videyyyyyyyyyss_34.mp4,shop lifters,1,200,25.0,704,576,704x576,8.0,0.38,True,60895137dc12f84013bad37178fc8145
/content/ShopDataSet/Shop DataSet/shop lifters/videyyyyyyyyyss_51.mp4,videyyyyyyyyyss_51.mp4,shop lifters,1,250,25.0,704,576,704x576,10.0,0.36,True,a49cdd5a51b4f445011d7fb5fd52f77f
/content/ShopDataSet/Shop DataSet/shop lifters/videppppsss_45.mp4,videppppsss_45.mp4,shop lifters,1,275,25.0,704,576,704x576,11.0,0.71,True,3c1653f823b5cceb6982a132a2cd5c4e
/content/ShopDataSet/Shop DataSet/shop lifters/videppppsss_37.mp4,videppppsss_37.mp4,shop lifters,1,325,25.0,704,576,704x576,13.0,0.58,True,5b6acc45df1587e51c824a9ba16d5cf8
/content/ShopDataSet/Shop DataSet/shop lifters/videyyyyyynnnnnnzzzzzyyyss_15.mp4,videyyyyyynnnnnnzzzzzyyyss_15.mp4,shop lifters,1,200,25.0,704,576,704x576,8.0,0.36,True,dca2d53edc7209e6557744ae6044587a
/content/ShopDataSet/Shop DataSet/shop lifters/videmmmmmmsss_89.mp4,videmmmmmmsss_89.mp4,shop lifters,1,273,24.75,704,576,704x576,11.03,0.47,True,dca2248539d2e41c92b33462f43b8e5a
/content/ShopDataSet/Shop DataSet/shop lifters/shop_lifter_73.mp4,shop_lifter_73.mp4,shop lifters,1,223,24.75,704,576,704x576,9.01,1.84,True,b58432c7b37919865888db6da22aff36
/content/ShopDataSet/Shop DataSet/shop lifters/videyyyyyyzzzzzyyyss_11.mp4,videyyyyyyzzzzzyyyss_11.mp4,shop lifters,1,325,25.0,704,576,704x576,13.0,0.53,True,5697671d5c813236a8887046889eddd6
/content/ShopDataSet/Shop DataSet/shop lifters/videyyyyyyyyyss_23.mp4,videyyyyyyyyyss_23.mp4,shop lifters,1,275,25.0,704,576,704x576,11.0,0.62,True,57e72d953a5f62b53594058742b771f8
/content/ShopDataSet/Shop DataSet/shop lifters/shop_lifter_95.mp4,shop_lifter_95.mp4,shop lifters,1,400,25.0,704,576,704x576,16.0,2.97,True,186dc5be783d5088a0c72fc339abe944
/content/ShopDataSet/Shop DataSet/shop lifters/shop_lifter_64.mp4,shop_lifter_64.mp4,shop lifters,1,273,24.75,704,576,704x576,11.03,2.53,True,e864f31161741b6389d6cf69f17dea8f
/content/ShopDataSet/Shop DataSet/shop lifters/videyyyyyyzzzzzyyyss_15.mp4,videyyyyyyzzzzzyyyss_15.mp4,shop lifters,1,250,25.0,704,576,704x576,10.0,0.52,True,a8667d4a982deeee461260839349ebe9
/content/ShopDataSet/Shop DataSet/shop lifters/videppppsss_53.mp4,videppppsss_53.mp4,shop lifters,1,175,25.0,704,576,704x576,7.0,0.31,True,b626ee17ad682f8edc83248d4dc16096
/content/ShopDataSet/Shop DataSet/shop lifters/shop_lifter_111.mp4,shop_lifter_111.mp4,shop lifters,1,475,25.0,704,576,704x576,19.0,3.58,True,ce7777c40d30b335f3aeee7a7e0faee1
/content/ShopDataSet/Shop DataSet/shop lifters/shop_lifter_85.mp4,shop_lifter_85.mp4,shop lifters,1,425,25.0,704,576,704x576,17.0,3.17,True,d594cad2b18bfcf8ada250d2cf4b4fc1
/content/ShopDataSet/Shop DataSet/shop lifters/shop_lifter_6.mp4,shop_lifter_6.mp4,shop lifters,1,273,24.75,704,576,704x576,11.03,2.01,True,887cb8e2adece6f8ff3c4d2744a5091c
/content/ShopDataSet/Shop DataSet/shop lifters/videppppsss_51.mp4,videppppsss_51.mp4,shop lifters,1,225,25.0,704,576,704x576,9.0,0.44,True,1fe2a4e1166d1be232af9427767e9ced
/content/ShopDataSet/Shop DataSet/shop lifters/shop_lifter_54.mp4,shop_lifter_54.mp4,shop lifters,1,297,24.75,704,576,704x576,12.0,2.43,True,da4e58b4f31da42201b5db981ccfd37c
/content/ShopDataSet/Shop DataSet/shop lifters/videyyyyyyyyyss_28.mp4,videyyyyyyyyyss_28.mp4,shop lifters,1,200,25.0,704,576,704x576,8.0,0.37,True,35e921b7c06c13d6591143947d4249eb
/content/ShopDataSet/Shop DataSet/shop lifters/videmmmmmmsss_98.mp4,videmmmmmmsss_98.mp4,shop lifters,1,248,24.75,704,576,704x576,10.02,0.36,True,6d6b26e5344f94ab901576eb1bbc7247
/content/ShopDataSet/Shop DataSet/shop lifters/shop_lifter_14.mp4,shop_lifter_14.mp4,shop lifters,1,421,24.75,704,576,704x576,17.01,3.18,True,b9826ab8da5f0a823c6d2dc3c70a39fa
/content/ShopDataSet/Shop DataSet/shop lifters/shop_lifter_88.mp4,shop_lifter_88.mp4,shop lifters,1,350,25.0,704,576,704x576,14.0,2.65,True,50b5caba0e4535f772232d4267233c3c
/content/ShopDataSet/Shop DataSet/shop lifters/videyyyyyyyyyss_13.mp4,videyyyyyyyyyss_13.mp4,shop lifters,1,300,25.0,704,576,704x576,12.0,0.58,True,5c130c6966c7e0909592d0fbf01637e2
/content/ShopDataSet/Shop DataSet/shop lifters/videyyyyyynnnnnnzzzzzyyyss_24.mp4,videyyyyyynnnnnnzzzzzyyyss_24.mp4,shop lifters,1,200,25.0,704,576,704x576,8.0,0.36,True,62cd5ff72ba64a3c06b85efc0e7d7ece
/content/ShopDataSet/Shop DataSet/shop lifters/videyyyyyyyyyss_10.mp4,videyyyyyyyyyss_10.mp4,shop lifters,1,325,25.0,704,576,704x576,13.0,0.61,True,2f9632ba054b861d723f1634b992b249
/content/ShopDataSet/Shop DataSet/shop lifters/videyyyyyyyyyss_21.mp4,videyyyyyyyyyss_21.mp4,shop lifters,1,250,25.0,704,576,704x576,10.0,0.52,True,2fdfdff60f92792ec794fc316579de1e
/content/ShopDataSet/Shop DataSet/shop lifters/shop_lifter_96.mp4,shop_lifter_96.mp4,shop lifters,1,325,25.0,704,576,704x576,13.0,2.42,True,f2cf68f320adc65233dae28e8a640fd1
/content/ShopDataSet/Shop DataSet/shop lifters/videyyyyyyyyyss_24.mp4,videyyyyyyyyyss_24.mp4,shop lifters,1,250,25.0,704,576,704x576,10.0,0.52,True,13097da58c4c3888298f6316cd223361
/content/ShopDataSet/Shop DataSet/shop lifters/videyyyyyynnnnnnzzzzzyyyss_0.mp4,videyyyyyynnnnnnzzzzzyyyss_0.mp4,shop lifters,1,375,25.0,704,576,704x576,15.0,0.65,True,377840558a0ba5a8815c93aac07c0d8c
/content/ShopDataSet/Shop DataSet/shop lifters/videyyyyyyyyyss_58.mp4,videyyyyyyyyyss_58.mp4,shop lifters,1,250,25.0,704,576,704x576,10.0,0.37,True,bffc5a76b78ab2d860999c52bb88523f
/content/ShopDataSet/Shop DataSet/shop lifters/videyyyyyyzzzzzyyyss_18.mp4,videyyyyyyzzzzzyyyss_18.mp4,shop lifters,1,275,25.0,704,576,704x576,11.0,0.65,True,55b978c81a5234e342412779abaa18c3
/content/ShopDataSet/Shop DataSet/shop lifters/shop_lifter_65.mp4,shop_lifter_65.mp4,shop lifters,1,248,24.75,704,576,704x576,10.02,2.31,True,97ae0cb18f2375d0683eb87c622b5316
/content/ShopDataSet/Shop DataSet/shop lifters/shop_lifter_79.mp4,shop_lifter_79.mp4,shop lifters,1,273,24.75,704,576,704x576,11.03,2.04,True,a08d8c3302f15b774932397f75ba526e
/content/ShopDataSet/Shop DataSet/shop lifters/videyyyyyyyyyss_57.mp4,videyyyyyyyyyss_57.mp4,shop lifters,1,300,25.0,704,576,704x576,12.0,0.52,True,7dbe81c9e607a65283d34017c993c42b
/content/ShopDataSet/Shop DataSet/shop lifters/shop_lifter_21.mp4,shop_lifter_21.mp4,shop lifters,1,396,24.75,704,576,704x576,16.0,3.05,True,022bd28c5b40078669c59c7a0d89e006
/content/ShopDataSet/Shop DataSet/shop lifters/shop_lifter_74.mp4,shop_lifter_74.mp4,shop lifters,1,174,24.75,704,576,704x576,7.03,1.5,True,2bc554e691f434e9d93bab433f8e525f
/content/ShopDataSet/Shop DataSet/shop lifters/shop_lifter_51.mp4,shop_lifter_51.mp4,shop lifters,1,297,24.75,704,576,704x576,12.0,2.66,True,98932ddb309a3275296d5745360aeb2b
/content/ShopDataSet/Shop DataSet/shop lifters/videyyyyyyyyyss_59.mp4,videyyyyyyyyyss_59.mp4,shop lifters,1,300,25.0,704,576,704x576,12.0,0.51,True,952c0cbdb70bce00e35ae807e81c24db
/content/ShopDataSet/Shop DataSet/shop lifters/videyyyyyyyyyss_19.mp4,videyyyyyyyyyss_19.mp4,shop lifters,1,225,25.0,704,576,704x576,9.0,0.49,True,632448c2c40891943eff7468e36e2ff8
/content/ShopDataSet/Shop DataSet/shop lifters/shop_lifter_99.mp4,shop_lifter_99.mp4,shop lifters,1,475,25.0,704,576,704x576,19.0,3.52,True,c66fbbf9debcad28b56323b778d0ce2e
/content/ShopDataSet/Shop DataSet/shop lifters/videyyyyyyyyyss_29.mp4,videyyyyyyyyyss_29.mp4,shop lifters,1,175,25.0,704,576,704x576,7.0,0.35,True,0f62a08ad984d73cde6bc5c8c70d4c14
/content/ShopDataSet/Shop DataSet/shop lifters/shop_lifter_66.mp4,shop_lifter_66.mp4,shop lifters,1,273,24.75,704,576,704x576,11.03,2.53,True,1ee1fa79d251c34676ec1c8137323fe6
/content/ShopDataSet/Shop DataSet/shop lifters/shop_lifter_39.mp4,shop_lifter_39.mp4,shop lifters,1,570,24.75,704,576,704x576,23.03,4.36,True,a7a8c7e5d03f75d364d9629ee547664f
/content/ShopDataSet/Shop DataSet/shop lifters/shop_lifter_97.mp4,shop_lifter_97.mp4,shop lifters,1,425,25.0,704,576,704x576,17.0,3.21,True,5cbb98b38d16f1f90af775bce45e3b58
/content/ShopDataSet/Shop DataSet/shop lifters/videyyyyyyyyyss_4.mp4,videyyyyyyyyyss_4.mp4,shop lifters,1,300,25.0,704,576,704x576,12.0,0.54,True,7c45bffb6286c28b2fc448386783659e
/content/ShopDataSet/Shop DataSet/shop lifters/videppppsss_29.mp4,videppppsss_29.mp4,shop lifters,1,400,25.0,704,576,704x576,16.0,0.62,True,14512c5ec64d30035e4bc58ae499d11d
/content/ShopDataSet/Shop DataSet/shop lifters/shop_lifter_119.mp4,shop_lifter_119.mp4,shop lifters,1,325,25.0,704,576,704x576,13.0,2.56,True,750afbcc80084fac7c359ee7e4af20b5
/content/ShopDataSet/Shop DataSet/shop lifters/videyyyyyyyyyss_32.mp4,videyyyyyyyyyss_32.mp4,shop lifters,1,200,25.0,704,576,704x576,8.0,0.37,True,b189eca244bffaeafb26ab776556ff77
/content/ShopDataSet/Shop DataSet/shop lifters/videyyyyyyyyyss_18.mp4,videyyyyyyyyyss_18.mp4,shop lifters,1,225,25.0,704,576,704x576,9.0,0.52,True,4f66e7157dc66a07ce6f9546aa04708c
/content/ShopDataSet/Shop DataSet/shop lifters/shop_lifter_94.mp4,shop_lifter_94.mp4,shop lifters,1,375,25.0,704,576,704x576,15.0,2.79,True,1672dcd5dd11c36fff9ec40f900be7d6
/content/ShopDataSet/Shop DataSet/shop lifters/videmmmmmmsss_96.mp4,videmmmmmmsss_96.mp4,shop lifters,1,347,24.75,704,576,704x576,14.02,0.58,True,5e5623074f40f7b9d7830859262e4197
/content/ShopDataSet/Shop DataSet/shop lifters/videmmmmmmsss_95.mp4,videmmmmmmsss_95.mp4,shop lifters,1,248,24.75,704,576,704x576,10.02,0.36,True,0453c5d39ca710b8b006c278414992f2
/content/ShopDataSet/Shop DataSet/shop lifters/shop_lifter_121.mp4,shop_lifter_121.mp4,shop lifters,1,400,25.0,704,576,704x576,16.0,3.05,True,ecf75272aba922857abfe1b211dc2ed7
/content/ShopDataSet/Shop DataSet/shop lifters/videyyyyyyyyyss_14.mp4,videyyyyyyyyyss_14.mp4,shop lifters,1,325,25.0,704,576,704x576,13.0,0.59,True,6766164997ec3ebbb1b2ccec435e487c
/content/ShopDataSet/Shop DataSet/shop lifters/shop_lifter_44.mp4,shop_lifter_44.mp4,shop lifters,1,396,24.75,704,576,704x576,16.0,3.51,True,3c7d12d3c3a6e84a4e2faa868fb44f68
/content/ShopDataSet/Shop DataSet/shop lifters/videyyyyyyyyyss_52.mp4,videyyyyyyyyyss_52.mp4,shop lifters,1,250,25.0,704,576,704x576,10.0,0.41,True,a1345bc8d2ad668c3c9d78f6dddadd2d
/content/ShopDataSet/Shop DataSet/shop lifters/videyyyyyyyyyss_2.mp4,videyyyyyyyyyss_2.mp4,shop lifters,1,325,25.0,704,576,704x576,13.0,0.55,True,637646df9fb8e092b11052f1bb4fc564
/content/ShopDataSet/Shop DataSet/shop lifters/videppppsss_38.mp4,videppppsss_38.mp4,shop lifters,1,425,25.0,704,576,704x576,17.0,0.69,True,7bcaf1094f84a89f6c747dfdc11c9312
/content/ShopDataSet/Shop DataSet/shop lifters/shop_lifter_108.mp4,shop_lifter_108.mp4,shop lifters,1,375,25.0,704,576,704x576,15.0,4.49,True,39584f539b5cf418a5a7dcd414cf99ec
/content/ShopDataSet/Shop DataSet/shop lifters/shop_lifter_31.mp4,shop_lifter_31.mp4,shop lifters,1,396,24.75,704,576,704x576,16.0,3.0,True,f567ae86554678235a6456134075a26a
/content/ShopDataSet/Shop DataSet/shop lifters/videyyyyyyyyyss_63.mp4,videyyyyyyyyyss_63.mp4,shop lifters,1,275,25.0,704,576,704x576,11.0,0.49,True,871f3abe8c60d7fac5102fe6f0e7a4a9
/content/ShopDataSet/Shop DataSet/shop lifters/videyyyyyynnnnnnzzzzzyyyss_7.mp4,videyyyyyynnnnnnzzzzzyyyss_7.mp4,shop lifters,1,300,25.0,704,576,704x576,12.0,0.57,True,1040c46a342295fe60152c71c0e6cc28
/content/ShopDataSet/Shop DataSet/shop lifters/videyyyyyyzzzzzyyyss_6.mp4,videyyyyyyzzzzzyyyss_6.mp4,shop lifters,1,325,25.0,704,576,704x576,13.0,0.57,True,1cbcb16c4afd965a7d1a7c7f1990b1f7
/content/ShopDataSet/Shop DataSet/shop lifters/videyyyyyynnnnnnzzzzzyyyss_5.mp4,videyyyyyynnnnnnzzzzzyyyss_5.mp4,shop lifters,1,325,25.0,704,576,704x576,13.0,0.61,True,57dbafa9c70f09e4b420140fcc35d769
/content/ShopDataSet/Shop DataSet/shop lifters/shop_lifter_112.mp4,shop_lifter_112.mp4,shop lifters,1,375,25.0,704,576,704x576,15.0,2.93,True,f945e8b705ef8391ca8115e81226319e
/content/ShopDataSet/Shop DataSet/shop lifters/videyyyyyynnnnnnzzzzzyyyss_3.mp4,videyyyyyynnnnnnzzzzzyyyss_3.mp4,shop lifters,1,350,25.0,704,576,704x576,14.0,0.65,True,004088e3058803eb0b53e5a1a084e2a2
/content/ShopDataSet/Shop DataSet/shop lifters/videyyyyyynnnnnnzzzzzyyyss_10.mp4,videyyyyyynnnnnnzzzzzyyyss_10.mp4,shop lifters,1,300,25.0,704,576,704x576,12.0,0.65,True,4c7b06e85f10e657f6d90cd206a3d368
/content/ShopDataSet/Shop DataSet/shop lifters/videyyyyyynnnnnnzzzzzyyyss_19.mp4,videyyyyyynnnnnnzzzzzyyyss_19.mp4,shop lifters,1,325,25.0,704,576,704x576,13.0,0.78,True,a6a6f42fff30b784619e2c6fc8e74304
/content/ShopDataSet/Shop DataSet/shop lifters/videyyyyyynnnnnnzzzzzyyyss_6.mp4,videyyyyyynnnnnnzzzzzyyyss_6.mp4,shop lifters,1,300,25.0,704,576,704x576,12.0,0.57,True,432a892beab85953562d0608eecb076f
/content/ShopDataSet/Shop DataSet/shop lifters/shop_lifter_37.mp4,shop_lifter_37.mp4,shop lifters,1,495,24.75,704,576,704x576,20.0,3.85,True,7b4521d2879c1cccd36689d22abbb101
/content/ShopDataSet/Shop DataSet/shop lifters/videyyyyyynnnnnnzzzzzyyyss_23.mp4,videyyyyyynnnnnnzzzzzyyyss_23.mp4,shop lifters,1,200,25.0,704,576,704x576,8.0,0.36,True,dc4799bdbb9549247e9df90b0eb2cb17
/content/ShopDataSet/Shop DataSet/shop lifters/videppppsss_52.mp4,videppppsss_52.mp4,shop lifters,1,175,25.0,704,576,704x576,7.0,0.31,True,d2cca60e1f58b953cc92d13f7d3abdf7
/content/ShopDataSet/Shop DataSet/shop lifters/videppppsss_54.mp4,videppppsss_54.mp4,shop lifters,1,175,25.0,704,576,704x576,7.0,0.33,True,b040c7cdd7162873ddc9389176590c12
/content/ShopDataSet/Shop DataSet/shop lifters/videppppsss_43.mp4,videppppsss_43.mp4,shop lifters,1,275,25.0,704,576,704x576,11.0,0.61,True,7b595cfbd83275c1bd9c0965c82ae76c
/content/ShopDataSet/Shop DataSet/shop lifters/shop_lifter_68.mp4,shop_lifter_68.mp4,shop lifters,1,198,24.75,704,576,704x576,8.0,1.72,True,701cba791c204977408638880c81f7c5
/content/ShopDataSet/Shop DataSet/shop lifters/videyyyyyyzzzzzyyyss_22.mp4,videyyyyyyzzzzzyyyss_22.mp4,shop lifters,1,250,25.0,704,576,704x576,10.0,0.46,True,4f0c26d32a5459638d3c91f7b1830e3a
/content/ShopDataSet/Shop DataSet/non shop lifters/shop_lifter_n_115.mp4,shop_lifter_n_115.mp4,non shop lifters,0,275,25.0,704,576,704x576,11.0,2.35,True,5860a9b23c9ad158e3cabf73761e71a6
/content/ShopDataSet/Shop DataSet/non shop lifters/shop_lifter_n_38_1.mp4,shop_lifter_n_38_1.mp4,non shop lifters,0,275,25.0,704,576,704x576,11.0,2.06,True,3f253a6ffbc6517ce215db6a3a2702ca
/content/ShopDataSet/Shop DataSet/non shop lifters/shop_lifter_n_33.mp4,shop_lifter_n_33.mp4,non shop lifters,0,200,25.0,704,576,704x576,8.0,1.48,True,2ac0293ef310c5bc88e870c75a4184fc
/content/ShopDataSet/Shop DataSet/non shop lifters/videppppsss_13.mp4,videppppsss_13.mp4,non shop lifters,0,298,24.83,704,576,704x576,12.0,0.49,True,57f3cc245f8661d5b384bdcf200a7f37
/content/ShopDataSet/Shop DataSet/non shop lifters/shop_lifter_n_34_1.mp4,shop_lifter_n_34_1.mp4,non shop lifters,0,375,25.0,704,576,704x576,15.0,2.82,True,2c9bd7727bb5d2fe57545879f14024b7
/content/ShopDataSet/Shop DataSet/non shop lifters/videppppsss_2.mp4,videppppsss_2.mp4,non shop lifters,0,423,24.83,704,576,704x576,17.04,0.78,True,e8dea110abc5fac47ef1608c629f341f
/content/ShopDataSet/Shop DataSet/non shop lifters/shop_lifter_n_50_1.mp4,shop_lifter_n_50_1.mp4,non shop lifters,0,525,25.0,704,576,704x576,21.0,4.59,True,0f22ba88bc71d3023e781497997bfa5c
/content/ShopDataSet/Shop DataSet/non shop lifters/shop_lifter_n_30_1.mp4,shop_lifter_n_30_1.mp4,non shop lifters,0,275,25.0,704,576,704x576,11.0,2.0,True,c30f1c9b64f27a720196e46a8052afbf
/content/ShopDataSet/Shop DataSet/non shop lifters/shop_lifter_n_48.mp4,shop_lifter_n_48.mp4,non shop lifters,0,375,25.0,704,576,704x576,15.0,2.92,True,c0a36f0405825d0b5f8e12426dc980a6
/content/ShopDataSet/Shop DataSet/non shop lifters/shop_lifter_n_151_1.mp4,shop_lifter_n_151_1.mp4,non shop lifters,0,275,25.0,704,576,704x576,11.0,2.42,True,b66dfbb6706c7706f3b445a90896747c
/content/ShopDataSet/Shop DataSet/non shop lifters/shop_lifter_n_177_1.mp4,shop_lifter_n_177_1.mp4,non shop lifters,0,425,25.0,704,576,704x576,17.0,3.19,True,2eb0ac296d9556f5e4b9b35a67ee6349
/content/ShopDataSet/Shop DataSet/non shop lifters/shop_lifter_n_114.mp4,shop_lifter_n_114.mp4,non shop lifters,0,325,25.0,704,576,704x576,13.0,2.82,True,0f5f56db13232d1b5006f421e0b536e7
/content/ShopDataSet/Shop DataSet/non shop lifters/shop_lifter_n_35.mp4,shop_lifter_n_35.mp4,non shop lifters,0,450,25.0,704,576,704x576,18.0,3.39,True,71c358416849f8c76a84550c617b6255
/content/ShopDataSet/Shop DataSet/non shop lifters/shop_lifter_n_107_1.mp4,shop_lifter_n_107_1.mp4,non shop lifters,0,175,25.0,704,576,704x576,7.0,1.37,True,9e1ded3472066f7ba5343b180c655e6e
/content/ShopDataSet/Shop DataSet/non shop lifters/shop_lifter_n_46.mp4,shop_lifter_n_46.mp4,non shop lifters,0,375,25.0,704,576,704x576,15.0,2.96,True,14cc91932d9a11683df3f96a005d200e
/content/ShopDataSet/Shop DataSet/non shop lifters/shop_lifter_n_16.mp4,shop_lifter_n_16.mp4,non shop lifters,0,425,25.0,704,576,704x576,17.0,3.33,True,c649c207129c2f1ab877fb1bbb95b891
/content/ShopDataSet/Shop DataSet/non shop lifters/shop_lifter_n_51_1.mp4,shop_lifter_n_51_1.mp4,non shop lifters,0,350,25.0,704,576,704x576,14.0,3.1,True,5c1aa4b9a4f057c53bc9aa86202c1780
/content/ShopDataSet/Shop DataSet/non shop lifters/videppppsss_1.mp4,videppppsss_1.mp4,non shop lifters,0,274,24.83,704,576,704x576,11.04,0.51,True,554970d5d1c7e30020e1ead6b4aa9b13
/content/ShopDataSet/Shop DataSet/non shop lifters/videppppsss_26.mp4,videppppsss_26.mp4,non shop lifters,0,373,24.83,704,576,704x576,15.02,0.82,True,51a9b4e86e3b0a5710731dd4b1f49dcd
/content/ShopDataSet/Shop DataSet/non shop lifters/shop_lifter_n_210_1.mp4,shop_lifter_n_210_1.mp4,non shop lifters,0,500,25.0,704,576,704x576,20.0,4.19,True,726e000f0a2c8aae15a53998f55836eb
/content/ShopDataSet/Shop DataSet/non shop lifters/shop_lifter_n_36_1.mp4,shop_lifter_n_36_1.mp4,non shop lifters,0,325,25.0,704,576,704x576,13.0,2.53,True,441e0898c3d160793bf87e68ab1c0702
/content/ShopDataSet/Shop DataSet/non shop lifters/shop_lifter_n_125_1.mp4,shop_lifter_n_125_1.mp4,non shop lifters,0,275,25.0,704,576,704x576,11.0,2.28,True,f58c5c02d7b0c91717b9db76a4f015d6
/content/ShopDataSet/Shop DataSet/non shop lifters/videppppsss_10.mp4,videppppsss_10.mp4,non shop lifters,0,373,24.83,704,576,704x576,15.02,0.56,True,73d5926576f35b18a1b480769a9395f3
/content/ShopDataSet/Shop DataSet/non shop lifters/shop_lifter_n_71_1.mp4,shop_lifter_n_71_1.mp4,non shop lifters,0,400,25.0,704,576,704x576,16.0,3.3,True,9ae8f9427b43734d62e67f9cffb14b2b
/content/ShopDataSet/Shop DataSet/non shop lifters/shop_lifter_n_173.mp4,shop_lifter_n_173.mp4,non shop lifters,0,425,25.0,704,576,704x576,17.0,2.98,True,f646a641f15532f6cfeeb2679616e411
/content/ShopDataSet/Shop DataSet/non shop lifters/shop_lifter_n_31_1.mp4,shop_lifter_n_31_1.mp4,non shop lifters,0,325,25.0,704,576,704x576,13.0,2.47,True,7010639b98aad78fb3f729e21c0bf915
/content/ShopDataSet/Shop DataSet/non shop lifters/shop_lifter_n_211.mp4,shop_lifter_n_211.mp4,non shop lifters,0,400,25.0,704,576,704x576,16.0,2.97,True,f4a49ea6afb234afc9e0fdb7dd2b891f
/content/ShopDataSet/Shop DataSet/non shop lifters/videppppsss_8.mp4,videppppsss_8.mp4,non shop lifters,0,249,24.83,704,576,704x576,10.03,0.36,True,24e0b99006bf6a6ebaef75f4d2dce1ef
/content/ShopDataSet/Shop DataSet/non shop lifters/shop_lifter_n_109.mp4,shop_lifter_n_109.mp4,non shop lifters,0,250,25.0,704,576,704x576,10.0,1.92,True,7f09dd3533c6041082a83bee11f16035
/content/ShopDataSet/Shop DataSet/non shop lifters/shop_lifter_n_1.mp4,shop_lifter_n_1.mp4,non shop lifters,0,450,25.0,704,576,704x576,18.0,3.34,True,39d2c53cc4a9991158460a63f4bcafec
/content/ShopDataSet/Shop DataSet/non shop lifters/shop_lifter_n_37_1.mp4,shop_lifter_n_37_1.mp4,non shop lifters,0,400,25.0,704,576,704x576,16.0,3.03,True,e37612d33790f288c03fd10824374f1a
/content/ShopDataSet/Shop DataSet/non shop lifters/videppppsss_46.mp4,videppppsss_46.mp4,non shop lifters,0,398,24.83,704,576,704x576,16.03,0.63,True,2a66798f3f05afc034bb1b9be4dc4c17
/content/ShopDataSet/Shop DataSet/non shop lifters/shop_lifter_n_153.mp4,shop_lifter_n_153.mp4,non shop lifters,0,375,25.0,704,576,704x576,15.0,3.09,True,976a206a6744f5205e4e35eedc0ad9c3
/content/ShopDataSet/Shop DataSet/non shop lifters/shop_lifter_n_85_1.mp4,shop_lifter_n_85_1.mp4,non shop lifters,0,300,25.0,704,576,704x576,12.0,2.26,True,71c964e5175e126566f0169056314d08
/content/ShopDataSet/Shop DataSet/non shop lifters/shop_lifter_n_110.mp4,shop_lifter_n_110.mp4,non shop lifters,0,175,25.0,704,576,704x576,7.0,1.36,True,045c1271b2a1e306288c0ac73604583a
/content/ShopDataSet/Shop DataSet/non shop lifters/shop_lifter_n_53.mp4,shop_lifter_n_53.mp4,non shop lifters,0,375,25.0,704,576,704x576,15.0,3.24,True,a674755dac2038812f10aeb9cff34da2
/content/ShopDataSet/Shop DataSet/non shop lifters/shop_lifter_n_27.mp4,shop_lifter_n_27.mp4,non shop lifters,0,200,25.0,704,576,704x576,8.0,1.63,True,716a1834dcefb585c0fb22f0e7056a85
/content/ShopDataSet/Shop DataSet/non shop lifters/videppppsss_19.mp4,videppppsss_19.mp4,non shop lifters,0,323,24.83,704,576,704x576,13.01,0.57,True,4df32b1a694c1cc7dd652447d6ca5880
/content/ShopDataSet/Shop DataSet/non shop lifters/shop_lifter_n_17_1.mp4,shop_lifter_n_17_1.mp4,non shop lifters,0,500,25.0,704,576,704x576,20.0,3.88,True,cee2ec6e948b071ffe9d48b0734981de
/content/ShopDataSet/Shop DataSet/non shop lifters/shop_lifter_n_207.mp4,shop_lifter_n_207.mp4,non shop lifters,0,475,25.0,704,576,704x576,19.0,3.93,True,49cc67879d38567ed63a2aaa0b2996b7
/content/ShopDataSet/Shop DataSet/non shop lifters/shop_lifter_n_143.mp4,shop_lifter_n_143.mp4,non shop lifters,0,375,25.0,704,576,704x576,15.0,2.96,True,15b7bf33ad22c1ccb8a44d5e550807a2
/content/ShopDataSet/Shop DataSet/non shop lifters/shop_lifter_n_43.mp4,shop_lifter_n_43.mp4,non shop lifters,0,325,25.0,704,576,704x576,13.0,2.56,True,157461e0e7ff0be69e71f5597a5ea308
/content/ShopDataSet/Shop DataSet/non shop lifters/shop_lifter_n_180_1.mp4,shop_lifter_n_180_1.mp4,non shop lifters,0,375,25.0,704,576,704x576,15.0,3.47,True,0ad011c1538ee5389973e90e6a93468c
/content/ShopDataSet/Shop DataSet/non shop lifters/shop_lifter_n_49.mp4,shop_lifter_n_49.mp4,non shop lifters,0,400,25.0,704,576,704x576,16.0,3.19,True,69dcc5cdcf85016fdc83cddd9b69d045
/content/ShopDataSet/Shop DataSet/non shop lifters/shop_lifter_n_41_1.mp4,shop_lifter_n_41_1.mp4,non shop lifters,0,400,25.0,704,576,704x576,16.0,3.1,True,ca9c9b62d8ddaff38bf355a2a1137656
/content/ShopDataSet/Shop DataSet/non shop lifters/shop_lifter_n_214.mp4,shop_lifter_n_214.mp4,non shop lifters,0,325,25.0,704,576,704x576,13.0,2.61,True,06ecaf71d3ba56865ef36c6c73eda80a
/content/ShopDataSet/Shop DataSet/non shop lifters/shop_lifter_n_213_1.mp4,shop_lifter_n_213_1.mp4,non shop lifters,0,450,25.0,704,576,704x576,18.0,3.38,True,196de1af0f2cf498ffdf9d1eb2713065
/content/ShopDataSet/Shop DataSet/non shop lifters/shop_lifter_n_111_1.mp4,shop_lifter_n_111_1.mp4,non shop lifters,0,150,25.0,704,576,704x576,6.0,1.2,True,4961c2e42740eac9ce5580425c2fd11d
/content/ShopDataSet/Shop DataSet/non shop lifters/shop_lifter_n_2.mp4,shop_lifter_n_2.mp4,non shop lifters,0,325,25.0,704,576,704x576,13.0,2.44,True,753b3457b9f1ba3139ee6c48796ab2de
/content/ShopDataSet/Shop DataSet/non shop lifters/shop_lifter_n_170.mp4,shop_lifter_n_170.mp4,non shop lifters,0,250,25.0,704,576,704x576,10.0,1.99,True,b8bb37997330261cca2982c54e402574
/content/ShopDataSet/Shop DataSet/non shop lifters/shop_lifter_n_32_1.mp4,shop_lifter_n_32_1.mp4,non shop lifters,0,375,25.0,704,576,704x576,15.0,2.82,True,2472e519cc4101e6db81e1dcb2450945
/content/ShopDataSet/Shop DataSet/non shop lifters/shop_lifter_n_40_1.mp4,shop_lifter_n_40_1.mp4,non shop lifters,0,575,25.0,704,576,704x576,23.0,4.35,True,dfc8aa57df6895629c402e8f6383203a
/content/ShopDataSet/Shop DataSet/non shop lifters/shop_lifter_n_218.mp4,shop_lifter_n_218.mp4,non shop lifters,0,275,25.0,704,576,704x576,11.0,2.04,True,a2912ea8f0fb0f5285b62fe96e281428
/content/ShopDataSet/Shop DataSet/non shop lifters/shop_lifter_n_90.mp4,shop_lifter_n_90.mp4,non shop lifters,0,225,25.0,704,576,704x576,9.0,1.84,True,3b3c7efda0bd9b7545a2bf6ae335e083
/content/ShopDataSet/Shop DataSet/non shop lifters/shop_lifter_n_8.mp4,shop_lifter_n_8.mp4,non shop lifters,0,375,25.0,704,576,704x576,15.0,2.95,True,3682272fece2f528f43c3b4deb1ffcc6
/content/ShopDataSet/Shop DataSet/non shop lifters/shop_lifter_n_5_1.mp4,shop_lifter_n_5_1.mp4,non shop lifters,0,475,25.0,704,576,704x576,19.0,3.6,True,91cf9bf83dc646d2257a67382c9265d1
/content/ShopDataSet/Shop DataSet/non shop lifters/shop_lifter_n_208_1.mp4,shop_lifter_n_208_1.mp4,non shop lifters,0,475,25.0,704,576,704x576,19.0,3.91,True,d29cbebe83cb8cdea9b44f6c6380e240
/content/ShopDataSet/Shop DataSet/non shop lifters/shop_lifter_n_112_1.mp4,shop_lifter_n_112_1.mp4,non shop lifters,0,250,25.0,704,576,704x576,10.0,2.2,True,cd02b6c60668753495525f7e70fdddef
/content/ShopDataSet/Shop DataSet/non shop lifters/shop_lifter_n_152.mp4,shop_lifter_n_152.mp4,non shop lifters,0,400,25.0,704,576,704x576,16.0,3.48,True,e6567b043a5c0f5d53a01cee640e8a63
/content/ShopDataSet/Shop DataSet/non shop lifters/shop_lifter_n_209_1.mp4,shop_lifter_n_209_1.mp4,non shop lifters,0,425,25.0,704,576,704x576,17.0,3.58,True,75db43f4a7363ade3bfa8e54579b16e0
/content/ShopDataSet/Shop DataSet/non shop lifters/shop_lifter_n_184_1.mp4,shop_lifter_n_184_1.mp4,non shop lifters,0,300,25.0,704,576,704x576,12.0,2.25,True,2305b7f8f9a068167495c3877856af7d
/content/ShopDataSet/Shop DataSet/non shop lifters/shop_lifter_n_18.mp4,shop_lifter_n_18.mp4,non shop lifters,0,350,25.0,704,576,704x576,14.0,2.82,True,16eee9c1a5c53169e0d9eebdcd2a785f
/content/ShopDataSet/Shop DataSet/non shop lifters/shop_lifter_n_123.mp4,shop_lifter_n_123.mp4,non shop lifters,0,200,25.0,704,576,704x576,8.0,1.62,True,ec71dfddd73224b4b2defa8d135f2ec4
/content/ShopDataSet/Shop DataSet/non shop lifters/videppppsss_47.mp4,videppppsss_47.mp4,non shop lifters,0,348,24.83,704,576,704x576,14.02,0.56,True,853787bb9dfb3c9202809fc49f6e9ecc
/content/ShopDataSet/Shop DataSet/non shop lifters/shop_lifter_n_44.mp4,shop_lifter_n_44.mp4,non shop lifters,0,900,25.0,704,576,704x576,36.0,6.92,True,92b444bbd6aaeae5426f548f67156ade
/content/ShopDataSet/Shop DataSet/non shop lifters/shop_lifter_n_21.mp4,shop_lifter_n_21.mp4,non shop lifters,0,350,25.0,704,576,704x576,14.0,3.2,True,467b433ffda8dd0166b92265561d5db1
/content/ShopDataSet/Shop DataSet/non shop lifters/videppppsss_5.mp4,videppppsss_5.mp4,non shop lifters,0,398,24.83,704,576,704x576,16.03,0.57,True,5c01435133deda8f81ca051a02ed6fa1
/content/ShopDataSet/Shop DataSet/non shop lifters/videppppsss_0.mp4,videppppsss_0.mp4,non shop lifters,0,472,24.83,704,576,704x576,19.01,0.8,True,68b4d8124604509afacbdaad3767fd7f
/content/ShopDataSet/Shop DataSet/non shop lifters/videppppsss_31.mp4,videppppsss_31.mp4,non shop lifters,0,274,24.83,704,576,704x576,11.04,0.53,True,1f9a992623a21a8b1851dceccc998723
/content/ShopDataSet/Shop DataSet/non shop lifters/videppppsss_25.mp4,videppppsss_25.mp4,non shop lifters,0,348,24.83,704,576,704x576,14.02,0.75,True,18e6e37e55643f042ccdb4aaba733abe
/content/ShopDataSet/Shop DataSet/non shop lifters/videppppsss_34.mp4,videppppsss_34.mp4,non shop lifters,0,199,24.83,704,576,704x576,8.01,0.37,True,79682156655c5eae903977aaa82a8bdb
/content/ShopDataSet/Shop DataSet/non shop lifters/shop_lifter_n_118_1.mp4,shop_lifter_n_118_1.mp4,non shop lifters,0,250,25.0,704,576,704x576,10.0,2.14,True,7d085a0887c908ca2146bfa06d7d8389
/content/ShopDataSet/Shop DataSet/non shop lifters/videppppsss_18.mp4,videppppsss_18.mp4,non shop lifters,0,274,24.83,704,576,704x576,11.04,0.51,True,97d105dbbc92e7fc6e95da476bf7b1d8
/content/ShopDataSet/Shop DataSet/non shop lifters/shop_lifter_n_168_1.mp4,shop_lifter_n_168_1.mp4,non shop lifters,0,350,25.0,704,576,704x576,14.0,3.42,True,98825eee47d8e6f2c2502f13d9c6e9f2
/content/ShopDataSet/Shop DataSet/non shop lifters/shop_lifter_n_181.mp4,shop_lifter_n_181.mp4,non shop lifters,0,275,25.0,704,576,704x576,11.0,2.95,True,e95ed380f7fd31367c7bff95a7d3390b
/content/ShopDataSet/Shop DataSet/non shop lifters/shop_lifter_n_13_1.mp4,shop_lifter_n_13_1.mp4,non shop lifters,0,1850,25.0,704,576,704x576,74.0,13.95,True,16adabe5f6a37e610df30b25690f97e0
/content/ShopDataSet/Shop DataSet/non shop lifters/shop_lifter_n_156.mp4,shop_lifter_n_156.mp4,non shop lifters,0,200,25.0,704,576,704x576,8.0,1.54,True,ce49e6665bf062a10cc6154b2e6bf8c6
/content/ShopDataSet/Shop DataSet/non shop lifters/shop_lifter_n_4_1.mp4,shop_lifter_n_4_1.mp4,non shop lifters,0,300,25.0,704,576,704x576,12.0,2.21,True,c18285b70598262a51d4b5d3dbc38f1d
/content/ShopDataSet/Shop DataSet/non shop lifters/videppppsss_32.mp4,videppppsss_32.mp4,non shop lifters,0,274,24.83,704,576,704x576,11.04,0.55,True,02576a206cc1e69e78b2d77a98051666
/content/ShopDataSet/Shop DataSet/non shop lifters/videppppsss_23.mp4,videppppsss_23.mp4,non shop lifters,0,348,24.83,704,576,704x576,14.02,0.64,True,941e0ffa9941abda5e174e206ba537da
/content/ShopDataSet/Shop DataSet/non shop lifters/shop_lifter_n_216.mp4,shop_lifter_n_216.mp4,non shop lifters,0,350,25.0,704,576,704x576,14.0,2.76,True,e1ec3cb36409acd32abb3997b56e6641
/content/ShopDataSet/Shop DataSet/non shop lifters/shop_lifter_n_24.mp4,shop_lifter_n_24.mp4,non shop lifters,0,275,25.0,704,576,704x576,11.0,2.43,True,17ef38a756098cbb63928ee5deb722c8
/content/ShopDataSet/Shop DataSet/non shop lifters/shop_lifter_n_154.mp4,shop_lifter_n_154.mp4,non shop lifters,0,225,25.0,704,576,704x576,9.0,1.82,True,e22006f117526d032fdef94aa68f2042
/content/ShopDataSet/Shop DataSet/non shop lifters/shop_lifter_n_179.mp4,shop_lifter_n_179.mp4,non shop lifters,0,150,25.0,704,576,704x576,6.0,1.31,True,4401598804fbe345fc1b1abd6a96001f
/content/ShopDataSet/Shop DataSet/non shop lifters/videppppsss_28.mp4,videppppsss_28.mp4,non shop lifters,0,373,24.83,704,576,704x576,15.02,0.79,True,cdb1e5e7747cc72b42df2e0c51827b69
/content/ShopDataSet/Shop DataSet/non shop lifters/videppppsss_21.mp4,videppppsss_21.mp4,non shop lifters,0,323,24.83,704,576,704x576,13.01,0.56,True,65cd5fc641de6fa9b67592af8f1cdc2b
/content/ShopDataSet/Shop DataSet/non shop lifters/shop_lifter_n_29_1.mp4,shop_lifter_n_29_1.mp4,non shop lifters,0,275,25.0,704,576,704x576,11.0,2.21,True,7e7fdaf8447610ef5c8007e365fc8976
/content/ShopDataSet/Shop DataSet/non shop lifters/shop_lifter_n_22.mp4,shop_lifter_n_22.mp4,non shop lifters,0,425,25.0,704,576,704x576,17.0,3.67,True,3d9e6522e3d761ec29925a2b58191492
/content/ShopDataSet/Shop DataSet/non shop lifters/videppppsss_61.mp4,videppppsss_61.mp4,non shop lifters,0,174,24.83,704,576,704x576,7.01,0.36,True,8a512a8454e3d29f4e9bb365868b718c
/content/ShopDataSet/Shop DataSet/non shop lifters/shop_lifter_n_54_1.mp4,shop_lifter_n_54_1.mp4,non shop lifters,0,350,25.0,704,576,704x576,14.0,3.19,True,275b82d6b78b9ba9d67b863e3e7c9b8c
/content/ShopDataSet/Shop DataSet/non shop lifters/shop_lifter_n_11.mp4,shop_lifter_n_11.mp4,non shop lifters,0,425,25.0,704,576,704x576,17.0,3.31,True,dd823ff84fa76a1d756aa2ab6b4a8928
/content/ShopDataSet/Shop DataSet/non shop lifters/shop_lifter_n_0_1.mp4,shop_lifter_n_0_1.mp4,non shop lifters,0,450,25.0,704,576,704x576,18.0,3.33,True,c23918721ddf1946f62d9a1f070e6278
/content/ShopDataSet/Shop DataSet/non shop lifters/videppppsss_77.mp4,videppppsss_77.mp4,non shop lifters,0,398,24.83,704,576,704x576,16.03,0.64,True,a6c42ddcf763e4b378a6d26e26c5e99d
/content/ShopDataSet/Shop DataSet/non shop lifters/shop_lifter_n_212_1.mp4,shop_lifter_n_212_1.mp4,non shop lifters,0,350,25.0,704,576,704x576,14.0,2.69,True,80de2b5268564d72f72bc1a717c758f1
/content/ShopDataSet/Shop DataSet/non shop lifters/shop_lifter_n_9_1.mp4,shop_lifter_n_9_1.mp4,non shop lifters,0,325,25.0,704,576,704x576,13.0,2.55,True,1fb401b83d941a7ab392dcf69a5b958b
/content/ShopDataSet/Shop DataSet/non shop lifters/videppppsss_64.mp4,videppppsss_64.mp4,non shop lifters,0,224,24.83,704,576,704x576,9.02,0.43,True,12a8f90894f82e9c31f81b6e2b3da45d
/content/ShopDataSet/Shop DataSet/non shop lifters/shop_lifter_n_185.mp4,shop_lifter_n_185.mp4,non shop lifters,0,375,25.0,704,576,704x576,15.0,2.87,True,e5cfaa33a9141d2afea56b6aeb4c33c9
/content/ShopDataSet/Shop DataSet/non shop lifters/shop_lifter_n_10.mp4,shop_lifter_n_10.mp4,non shop lifters,0,475,25.0,704,576,704x576,19.0,3.64,True,80fae439a4840df6a7518131159973a1
/content/ShopDataSet/Shop DataSet/non shop lifters/shop_lifter_n_182_1.mp4,shop_lifter_n_182_1.mp4,non shop lifters,0,375,25.0,704,576,704x576,15.0,3.18,True,c4306a78f54ddd482cd73003a81ff508
/content/ShopDataSet/Shop DataSet/non shop lifters/shop_lifter_n_7_1.mp4,shop_lifter_n_7_1.mp4,non shop lifters,0,450,25.0,704,576,704x576,18.0,3.41,True,68b38c901528b8b75a5b2cf6d67bc170
/content/ShopDataSet/Shop DataSet/non shop lifters/videppppsss_11.mp4,videppppsss_11.mp4,non shop lifters,0,348,24.83,704,576,704x576,14.02,0.53,True,17b1ba6b8d35b03244984859410da33a
/content/ShopDataSet/Shop DataSet/non shop lifters/shop_lifter_n_25_1.mp4,shop_lifter_n_25_1.mp4,non shop lifters,0,400,25.0,704,576,704x576,16.0,3.28,True,fed90039725494cdf5867dc19bfb3aa1
/content/ShopDataSet/Shop DataSet/non shop lifters/shop_lifter_n_28_1.mp4,shop_lifter_n_28_1.mp4,non shop lifters,0,250,25.0,704,576,704x576,10.0,2.04,True,46fc05dade82c116908dcf109ee04ea6
/content/ShopDataSet/Shop DataSet/non shop lifters/shop_lifter_n_113.mp4,shop_lifter_n_113.mp4,non shop lifters,0,250,25.0,704,576,704x576,10.0,2.2,True,a0c00f120b36b950a34e11329de65932
/content/ShopDataSet/Shop DataSet/non shop lifters/shop_lifter_n_12.mp4,shop_lifter_n_12.mp4,non shop lifters,0,400,25.0,704,576,704x576,16.0,3.09,True,77a9b732a7df9c064c95379f46e1f38c
/content/ShopDataSet/Shop DataSet/non shop lifters/shop_lifter_n_52.mp4,shop_lifter_n_52.mp4,non shop lifters,0,475,25.0,704,576,704x576,19.0,4.05,True,61ac19962e6775295b1065fa954c1a5b
/content/ShopDataSet/Shop DataSet/non shop lifters/shop_lifter_n_178_1.mp4,shop_lifter_n_178_1.mp4,non shop lifters,0,525,25.0,704,576,704x576,21.0,4.26,True,f8c477a37f619130d3d3ceb822575369
/content/ShopDataSet/Shop DataSet/non shop lifters/shop_lifter_n_183.mp4,shop_lifter_n_183.mp4,non shop lifters,0,375,25.0,704,576,704x576,15.0,2.94,True,479b9b8d2aa8149a9a74a14683ffcece
/content/ShopDataSet/Shop DataSet/non shop lifters/videppppsss_63.mp4,videppppsss_63.mp4,non shop lifters,0,224,24.83,704,576,704x576,9.02,0.39,True,aa12d5bca9f678a07a2610b6a29348bd
/content/ShopDataSet/Shop DataSet/non shop lifters/shop_lifter_n_186.mp4,shop_lifter_n_186.mp4,non shop lifters,0,275,25.0,704,576,704x576,11.0,2.04,True,17e7a8dbe1affa90a3993b8fee6b6039
/content/ShopDataSet/Shop DataSet/non shop lifters/shop_lifter_n_45.mp4,shop_lifter_n_45.mp4,non shop lifters,0,500,25.0,704,576,704x576,20.0,3.9,True,d9dce75526934ce35c3edab48abfc168
/content/ShopDataSet/Shop DataSet/non shop lifters/shop_lifter_n_23_1.mp4,shop_lifter_n_23_1.mp4,non shop lifters,0,350,25.0,704,576,704x576,14.0,3.17,True,bf9c135e8da58d74573e944bf5078f1d
/content/ShopDataSet/Shop DataSet/non shop lifters/shop_lifter_n_47.mp4,shop_lifter_n_47.mp4,non shop lifters,0,525,25.0,704,576,704x576,21.0,4.03,True,d003bfd3551f3c928d5cf2991aa749be
/content/ShopDataSet/Shop DataSet/non shop lifters/shop_lifter_n_6_1.mp4,shop_lifter_n_6_1.mp4,non shop lifters,0,400,25.0,704,576,704x576,16.0,3.12,True,7e701d265e185692a45ee7759f5a0373
/content/ShopDataSet/Shop DataSet/non shop lifters/shop_lifter_n_174.mp4,shop_lifter_n_174.mp4,non shop lifters,0,375,25.0,704,576,704x576,15.0,2.9,True,75a1e23acab4f33e284956dee1dc16ba
/content/ShopDataSet/Shop DataSet/non shop lifters/shop_lifter_n_175_1.mp4,shop_lifter_n_175_1.mp4,non shop lifters,0,450,25.0,704,576,704x576,18.0,3.14,True,a74ee11f8a4ebdcace0ef1c02fb77714
/content/ShopDataSet/Shop DataSet/non shop lifters/videppppsss_27.mp4,videppppsss_27.mp4,non shop lifters,0,373,24.83,704,576,704x576,15.02,0.82,True,85d39c59ec47ff701ff760107da736d0
/content/ShopDataSet/Shop DataSet/non shop lifters/videppppsss_20.mp4,videppppsss_20.mp4,non shop lifters,0,398,24.83,704,576,704x576,16.03,0.66,True,faac9fb29bb5b7cf77b0711864bc6ae7
/content/ShopDataSet/Shop DataSet/non shop lifters/shop_lifter_n_39_1.mp4,shop_lifter_n_39_1.mp4,non shop lifters,0,300,25.0,704,576,704x576,12.0,2.28,True,f7adfa9cfa40a95e8ecd2c009e61468e
/content/ShopDataSet/Shop DataSet/non shop lifters/videppppsss_33.mp4,videppppsss_33.mp4,non shop lifters,0,249,24.83,704,576,704x576,10.03,0.43,True,29621e173de308a9614d041ea6c7e6b5
/content/ShopDataSet/Shop DataSet/non shop lifters/videppppsss_57.mp4,videppppsss_57.mp4,non shop lifters,0,373,24.83,704,576,704x576,15.02,0.81,True,32f210910c8a3b8350a8457431d11b72
/content/ShopDataSet/Shop DataSet/non shop lifters/videppppsss_22.mp4,videppppsss_22.mp4,non shop lifters,0,398,24.83,704,576,704x576,16.03,0.69,True,4ba5dab80566fd12978e9602b86bd6df
/content/ShopDataSet/Shop DataSet/non shop lifters/shop_lifter_n_14_1.mp4,shop_lifter_n_14_1.mp4,non shop lifters,0,400,25.0,704,576,704x576,16.0,3.09,True,ad13ce5eb9788d9a3c326df4f4cc1cb4
/content/ShopDataSet/Shop DataSet/non shop lifters/shop_lifter_n_19_1.mp4,shop_lifter_n_19_1.mp4,non shop lifters,0,325,25.0,704,576,704x576,13.0,2.67,True,8e17d1a09b3a4c71aa7fd5ecd0e5bc7e
/content/ShopDataSet/Shop DataSet/non shop lifters/videppppsss_4.mp4,videppppsss_4.mp4,non shop lifters,0,274,24.83,704,576,704x576,11.04,0.52,True,0f6e9a779966d0ad8eff95837a2575e6
/content/ShopDataSet/Shop DataSet/non shop lifters/videppppsss_3.mp4,videppppsss_3.mp4,non shop lifters,0,249,24.83,704,576,704x576,10.03,0.42,True,c9cead3a6718c7d972a40fcc21826767
/content/ShopDataSet/Shop DataSet/non shop lifters/videppppsss_36.mp4,videppppsss_36.mp4,non shop lifters,0,298,24.83,704,576,704x576,12.0,0.48,True,03cde5e5f2c7d795e9e2b7b2515e1a98
/content/ShopDataSet/Shop DataSet/non shop lifters/shop_lifter_n_26_1.mp4,shop_lifter_n_26_1.mp4,non shop lifters,0,250,25.0,704,576,704x576,10.0,2.03,True,9b19dffa8abb685b9a125cc5865666bb
/content/ShopDataSet/Shop DataSet/non shop lifters/videppppsss_12.mp4,videppppsss_12.mp4,non shop lifters,0,398,24.83,704,576,704x576,16.03,0.6,True,5c6a6a19cc6937fbb8c9c428c705ba3f
/content/ShopDataSet/Shop DataSet/non shop lifters/videppppsss_9.mp4,videppppsss_9.mp4,non shop lifters,0,249,24.83,704,576,704x576,10.03,0.35,True,1f61321104583b6990745740487272ce
/content/ShopDataSet/Shop DataSet/non shop lifters/shop_lifter_n_215_1.mp4,shop_lifter_n_215_1.mp4,non shop lifters,0,75,25.0,704,576,704x576,3.0,0.71,True,40cd0a8f400a5e80880d2086a47bd075
/content/ShopDataSet/Shop DataSet/non shop lifters/shop_lifter_n_3.mp4,shop_lifter_n_3.mp4,non shop lifters,0,350,25.0,704,576,704x576,14.0,2.65,True,42137943ebecfc52f7727c0b21c67cff
/content/ShopDataSet/Shop DataSet/non shop lifters/shop_lifter_n_42.mp4,shop_lifter_n_42.mp4,non shop lifters,0,500,25.0,704,576,704x576,20.0,3.82,True,39c001a36b7047042d2abb2da126153c
/content/ShopDataSet/Shop DataSet/non shop lifters/shop_lifter_n_188_1.mp4,shop_lifter_n_188_1.mp4,non shop lifters,0,275,25.0,704,576,704x576,11.0,2.79,True,ba8636647eb17e1218e4be456fe773aa
/content/ShopDataSet/Shop DataSet/non shop lifters/videppppsss_17.mp4,videppppsss_17.mp4,non shop lifters,0,373,24.83,704,576,704x576,15.02,0.64,True,22f670fcca602fada7b0a90df492db63
/content/ShopDataSet/Shop DataSet/non shop lifters/videppppsss_37.mp4,videppppsss_37.mp4,non shop lifters,0,596,24.83,704,576,704x576,24.0,0.9,True,70a277c86349dc186a617434d195d2e0
/content/ShopDataSet/Shop DataSet/non shop lifters/videppppsss_53.mp4,videppppsss_53.mp4,non shop lifters,0,373,24.83,704,576,704x576,15.02,0.65,True,a1c8c343f873f43710819706aac466ff
/content/ShopDataSet/Shop DataSet/non shop lifters/videppppsss_56.mp4,videppppsss_56.mp4,non shop lifters,0,348,24.83,704,576,704x576,14.02,0.8,True,cc5e324c0c03552558104089dc472049
/content/ShopDataSet/Shop DataSet/non shop lifters/shop_lifter_n_187_1.mp4,shop_lifter_n_187_1.mp4,non shop lifters,0,225,25.0,704,576,704x576,9.0,1.74,True,78168a9d2bd9270d391221c37b3713fd
/content/ShopDataSet/Shop DataSet/non shop lifters/videppppsss_24.mp4,videppppsss_24.mp4,non shop lifters,0,298,24.83,704,576,704x576,12.0,0.57,True,768870406dd41c7b791d77ae377600fb
/content/ShopDataSet/Shop DataSet/non shop lifters/shop_lifter_n_116.mp4,shop_lifter_n_116.mp4,non shop lifters,0,250,25.0,704,576,704x576,10.0,2.21,True,6a3c59bd8a21f9a36ed20dd3dfa22afa
/content/ShopDataSet/Shop DataSet/non shop lifters/videppppsss_75.mp4,videppppsss_75.mp4,non shop lifters,0,348,24.83,704,576,704x576,14.02,0.6,True,c31e1a49af20a625cb8d1f32690b864c
/content/ShopDataSet/Shop DataSet/non shop lifters/videppppsss_59.mp4,videppppsss_59.mp4,non shop lifters,0,323,24.83,704,576,704x576,13.01,0.74,True,ac286fa70d410adc722b007bcf7bedd1
/content/ShopDataSet/Shop DataSet/non shop lifters/shop_lifter_n_20_1.mp4,shop_lifter_n_20_1.mp4,non shop lifters,0,475,25.0,704,576,704x576,19.0,4.01,True,64b2a4154dc827954c1d97663ee4946e
/content/ShopDataSet/Shop DataSet/non shop lifters/videppppsss_30.mp4,videppppsss_30.mp4,non shop lifters,0,249,24.83,704,576,704x576,10.03,0.44,True,333b369b6a285459bbeddba99a4bbb29
/content/ShopDataSet/Shop DataSet/non shop lifters/shop_lifter_n_15_1.mp4,shop_lifter_n_15_1.mp4,non shop lifters,0,550,25.0,704,576,704x576,22.0,4.26,True,01d93ddb4985cb7a6196cf74d275f86e
/content/ShopDataSet/Shop DataSet/non shop lifters/videppppsss_16.mp4,videppppsss_16.mp4,non shop lifters,0,373,24.83,704,576,704x576,15.02,0.63,True,1c6ce53a53089a8dc6390cea11466ea1
/content/ShopDataSet/Shop DataSet/non shop lifters/videppppsss_29.mp4,videppppsss_29.mp4,non shop lifters,0,323,24.83,704,576,704x576,13.01,0.76,True,fdd51e28d93325da6adb3fffb1bc8507
/content/ShopDataSet/Shop DataSet/non shop lifters/videppppsss_62.mp4,videppppsss_62.mp4,non shop lifters,0,323,24.83,704,576,704x576,13.01,0.63,True,faba9b4bf5161e109a7ec69b6158fc7b
/content/ShopDataSet/Shop DataSet/non shop lifters/videossssstttsss_49.mp4,videossssstttsss_49.mp4,non shop lifters,0,225,25.0,704,576,704x576,9.0,0.29,True,15484865f0d8e2ae0b1cd3b8eae7de30
/content/ShopDataSet/Shop DataSet/non shop lifters/videossssstttsss_48.mp4,videossssstttsss_48.mp4,non shop lifters,0,175,25.0,704,576,704x576,7.0,0.22,True,a6d8741640726c4863098880f3c84715
/content/ShopDataSet/Shop DataSet/non shop lifters/videppppsss_52.mp4,videppppsss_52.mp4,non shop lifters,0,423,24.83,704,576,704x576,17.04,0.76,True,50de0d3f85d44b7086f85213b8747e60
