path,filename,class_name,label
/content/ShopDataSet/Shop DataSet/non shop lifters/videppppsss_22.mp4,videppppsss_22.mp4,non shop lifters,0
/content/ShopDataSet/Shop DataSet/non shop lifters/videppppsss_18.mp4,videppppsss_18.mp4,non shop lifters,0
/content/ShopDataSet/Shop DataSet/shop lifters/videyyyyyyyyyss_49.mp4,videyyyyyyyyyss_49.mp4,shop lifters,1
/content/ShopDataSet/Shop DataSet/shop lifters/shop_lifter_64.mp4,shop_lifter_64.mp4,shop lifters,1
/content/ShopDataSet/Shop DataSet/non shop lifters/videossssstttsss_48.mp4,videossssstttsss_48.mp4,non shop lifters,0
/content/ShopDataSet/Shop DataSet/shop lifters/videyyyyyyyyyss_47.mp4,videyyyyyyyyyss_47.mp4,shop lifters,1
/content/ShopDataSet/Shop DataSet/non shop lifters/videppppsss_13.mp4,videppppsss_13.mp4,non shop lifters,0
/content/ShopDataSet/Shop DataSet/non shop lifters/videppppsss_0.mp4,videppppsss_0.mp4,non shop lifters,0
/content/ShopDataSet/Shop DataSet/shop lifters/videyyyyyynnnnnnzzzzzyyyss_3.mp4,videyyyyyynnnnnnzzzzzyyyss_3.mp4,shop lifters,1
/content/ShopDataSet/Shop DataSet/shop lifters/shop_lifter_50.mp4,shop_lifter_50.mp4,shop lifters,1
/content/ShopDataSet/Shop DataSet/non shop lifters/videppppsss_28.mp4,videppppsss_28.mp4,non shop lifters,0
/content/ShopDataSet/Shop DataSet/shop lifters/shop_lifter_118.mp4,shop_lifter_118.mp4,shop lifters,1
/content/ShopDataSet/Shop DataSet/shop lifters/videppppsss_43.mp4,videppppsss_43.mp4,shop lifters,1
/content/ShopDataSet/Shop DataSet/shop lifters/videyyyyyynnnnnnzzzzzyyyss_22.mp4,videyyyyyynnnnnnzzzzzyyyss_22.mp4,shop lifters,1
/content/ShopDataSet/Shop DataSet/non shop lifters/videppppsss_12.mp4,videppppsss_12.mp4,non shop lifters,0
/content/ShopDataSet/Shop DataSet/shop lifters/shop_lifter_6.mp4,shop_lifter_6.mp4,shop lifters,1
/content/ShopDataSet/Shop DataSet/shop lifters/videyyyyyyzzzzzyyyss_21.mp4,videyyyyyyzzzzzyyyss_21.mp4,shop lifters,1
/content/ShopDataSet/Shop DataSet/shop lifters/videmmmmmmsss_99.mp4,videmmmmmmsss_99.mp4,shop lifters,1
/content/ShopDataSet/Shop DataSet/shop lifters/videyyyyyyyyyss_64.mp4,videyyyyyyyyyss_64.mp4,shop lifters,1
/content/ShopDataSet/Shop DataSet/non shop lifters/shop_lifter_n_211.mp4,shop_lifter_n_211.mp4,non shop lifters,0
/content/ShopDataSet/Shop DataSet/shop lifters/videppppsss_23.mp4,videppppsss_23.mp4,shop lifters,1
/content/ShopDataSet/Shop DataSet/shop lifters/videppppsss_29.mp4,videppppsss_29.mp4,shop lifters,1
/content/ShopDataSet/Shop DataSet/shop lifters/videyyyyyyyyyss_53.mp4,videyyyyyyyyyss_53.mp4,shop lifters,1
/content/ShopDataSet/Shop DataSet/shop lifters/videmmmmmmsss_101.mp4,videmmmmmmsss_101.mp4,shop lifters,1
/content/ShopDataSet/Shop DataSet/shop lifters/shop_lifter_102.mp4,shop_lifter_102.mp4,shop lifters,1
/content/ShopDataSet/Shop DataSet/non shop lifters/videppppsss_1.mp4,videppppsss_1.mp4,non shop lifters,0
/content/ShopDataSet/Shop DataSet/shop lifters/videyyyyyyzzzzzyyyss_22.mp4,videyyyyyyzzzzzyyyss_22.mp4,shop lifters,1
/content/ShopDataSet/Shop DataSet/shop lifters/videyyyyyyyyyss_58.mp4,videyyyyyyyyyss_58.mp4,shop lifters,1
/content/ShopDataSet/Shop DataSet/shop lifters/videyyyyyyzzzzzyyyss_17.mp4,videyyyyyyzzzzzyyyss_17.mp4,shop lifters,1
/content/ShopDataSet/Shop DataSet/non shop lifters/shop_lifter_n_110.mp4,shop_lifter_n_110.mp4,non shop lifters,0
/content/ShopDataSet/Shop DataSet/shop lifters/videmmmmmmsss_97.mp4,videmmmmmmsss_97.mp4,shop lifters,1
/content/ShopDataSet/Shop DataSet/non shop lifters/shop_lifter_n_168.mp4,shop_lifter_n_168.mp4,non shop lifters,0
/content/ShopDataSet/Shop DataSet/shop lifters/shop_lifter_94.mp4,shop_lifter_94.mp4,shop lifters,1
/content/ShopDataSet/Shop DataSet/non shop lifters/shop_lifter_n_207.mp4,shop_lifter_n_207.mp4,non shop lifters,0
/content/ShopDataSet/Shop DataSet/shop lifters/shop_lifter_62.mp4,shop_lifter_62.mp4,shop lifters,1
/content/ShopDataSet/Shop DataSet/shop lifters/videppppsss_41.mp4,videppppsss_41.mp4,shop lifters,1
/content/ShopDataSet/Shop DataSet/non shop lifters/shop_lifter_n_112_1.mp4,shop_lifter_n_112_1.mp4,non shop lifters,0
/content/ShopDataSet/Shop DataSet/shop lifters/shop_lifter_97.mp4,shop_lifter_97.mp4,shop lifters,1
/content/ShopDataSet/Shop DataSet/non shop lifters/shop_lifter_n_8_1.mp4,shop_lifter_n_8_1.mp4,non shop lifters,0
/content/ShopDataSet/Shop DataSet/shop lifters/shop_lifter_90.mp4,shop_lifter_90.mp4,shop lifters,1
/content/ShopDataSet/Shop DataSet/non shop lifters/shop_lifter_n_123_1.mp4,shop_lifter_n_123_1.mp4,non shop lifters,0
/content/ShopDataSet/Shop DataSet/shop lifters/videyyyyyynnnnnnzzzzzyyyss_18.mp4,videyyyyyynnnnnnzzzzzyyyss_18.mp4,shop lifters,1
/content/ShopDataSet/Shop DataSet/shop lifters/videyyyyyynnnnnnzzzzzyyyss_25.mp4,videyyyyyynnnnnnzzzzzyyyss_25.mp4,shop lifters,1
/content/ShopDataSet/Shop DataSet/non shop lifters/shop_lifter_n_38_1.mp4,shop_lifter_n_38_1.mp4,non shop lifters,0
/content/ShopDataSet/Shop DataSet/shop lifters/shop_lifter_108.mp4,shop_lifter_108.mp4,shop lifters,1
/content/ShopDataSet/Shop DataSet/shop lifters/shop_lifter_22.mp4,shop_lifter_22.mp4,shop lifters,1
/content/ShopDataSet/Shop DataSet/shop lifters/videppppsss_32.mp4,videppppsss_32.mp4,shop lifters,1
/content/ShopDataSet/Shop DataSet/shop lifters/shop_lifter_41.mp4,shop_lifter_41.mp4,shop lifters,1
/content/ShopDataSet/Shop DataSet/shop lifters/shop_lifter_2.mp4,shop_lifter_2.mp4,shop lifters,1
/content/ShopDataSet/Shop DataSet/shop lifters/videyyyyyyyyyss_31.mp4,videyyyyyyyyyss_31.mp4,shop lifters,1
/content/ShopDataSet/Shop DataSet/non shop lifters/shop_lifter_n_16_1.mp4,shop_lifter_n_16_1.mp4,non shop lifters,0
/content/ShopDataSet/Shop DataSet/shop lifters/shop_lifter_31.mp4,shop_lifter_31.mp4,shop lifters,1
/content/ShopDataSet/Shop DataSet/shop lifters/videyyyyyyyyyss_50.mp4,videyyyyyyyyyss_50.mp4,shop lifters,1
/content/ShopDataSet/Shop DataSet/non shop lifters/shop_lifter_n_125.mp4,shop_lifter_n_125.mp4,non shop lifters,0
/content/ShopDataSet/Shop DataSet/shop lifters/videyyyyyynnnnnnzzzzzyyyss_20.mp4,videyyyyyynnnnnnzzzzzyyyss_20.mp4,shop lifters,1
/content/ShopDataSet/Shop DataSet/shop lifters/videyyyyyyyyyss_6.mp4,videyyyyyyyyyss_6.mp4,shop lifters,1
/content/ShopDataSet/Shop DataSet/non shop lifters/videppppsss_20.mp4,videppppsss_20.mp4,non shop lifters,0
/content/ShopDataSet/Shop DataSet/non shop lifters/shop_lifter_n_49_1.mp4,shop_lifter_n_49_1.mp4,non shop lifters,0
/content/ShopDataSet/Shop DataSet/shop lifters/videppppsss_49.mp4,videppppsss_49.mp4,shop lifters,1
/content/ShopDataSet/Shop DataSet/shop lifters/videyyyyyyzzzzzyyyss_16.mp4,videyyyyyyzzzzzyyyss_16.mp4,shop lifters,1
/content/ShopDataSet/Shop DataSet/non shop lifters/videppppsss_62.mp4,videppppsss_62.mp4,non shop lifters,0
/content/ShopDataSet/Shop DataSet/shop lifters/shop_lifter_66.mp4,shop_lifter_66.mp4,shop lifters,1
/content/ShopDataSet/Shop DataSet/non shop lifters/shop_lifter_n_41.mp4,shop_lifter_n_41.mp4,non shop lifters,0
/content/ShopDataSet/Shop DataSet/non shop lifters/shop_lifter_n_50.mp4,shop_lifter_n_50.mp4,non shop lifters,0
/content/ShopDataSet/Shop DataSet/non shop lifters/videppppsss_9.mp4,videppppsss_9.mp4,non shop lifters,0
/content/ShopDataSet/Shop DataSet/non shop lifters/videppppsss_75.mp4,videppppsss_75.mp4,non shop lifters,0
/content/ShopDataSet/Shop DataSet/shop lifters/videmmmmmmsss_98.mp4,videmmmmmmsss_98.mp4,shop lifters,1
/content/ShopDataSet/Shop DataSet/non shop lifters/shop_lifter_n_2.mp4,shop_lifter_n_2.mp4,non shop lifters,0
/content/ShopDataSet/Shop DataSet/shop lifters/shop_lifter_52.mp4,shop_lifter_52.mp4,shop lifters,1
/content/ShopDataSet/Shop DataSet/shop lifters/shop_lifter_96.mp4,shop_lifter_96.mp4,shop lifters,1
/content/ShopDataSet/Shop DataSet/non shop lifters/shop_lifter_n_4.mp4,shop_lifter_n_4.mp4,non shop lifters,0
/content/ShopDataSet/Shop DataSet/shop lifters/videyyyyyynnnnnnzzzzzyyyss_12.mp4,videyyyyyynnnnnnzzzzzyyyss_12.mp4,shop lifters,1
/content/ShopDataSet/Shop DataSet/non shop lifters/shop_lifter_n_31.mp4,shop_lifter_n_31.mp4,non shop lifters,0
/content/ShopDataSet/Shop DataSet/shop lifters/videyyyyyyzzzzzyyyss_15.mp4,videyyyyyyzzzzzyyyss_15.mp4,shop lifters,1
/content/ShopDataSet/Shop DataSet/non shop lifters/videppppsss_2.mp4,videppppsss_2.mp4,non shop lifters,0
/content/ShopDataSet/Shop DataSet/non shop lifters/shop_lifter_n_36.mp4,shop_lifter_n_36.mp4,non shop lifters,0
/content/ShopDataSet/Shop DataSet/shop lifters/shop_lifter_107.mp4,shop_lifter_107.mp4,shop lifters,1
/content/ShopDataSet/Shop DataSet/shop lifters/shop_lifter_21.mp4,shop_lifter_21.mp4,shop lifters,1
/content/ShopDataSet/Shop DataSet/shop lifters/videyyyyyynnnnnnzzzzzyyyss_26.mp4,videyyyyyynnnnnnzzzzzyyyss_26.mp4,shop lifters,1
/content/ShopDataSet/Shop DataSet/non shop lifters/shop_lifter_n_184_1.mp4,shop_lifter_n_184_1.mp4,non shop lifters,0
/content/ShopDataSet/Shop DataSet/shop lifters/videyyyyyyyyyss_14.mp4,videyyyyyyyyyss_14.mp4,shop lifters,1
/content/ShopDataSet/Shop DataSet/shop lifters/videyyyyyyzzzzzyyyss_18.mp4,videyyyyyyzzzzzyyyss_18.mp4,shop lifters,1
/content/ShopDataSet/Shop DataSet/non shop lifters/shop_lifter_n_34_1.mp4,shop_lifter_n_34_1.mp4,non shop lifters,0
/content/ShopDataSet/Shop DataSet/shop lifters/shop_lifter_114.mp4,shop_lifter_114.mp4,shop lifters,1
/content/ShopDataSet/Shop DataSet/shop lifters/shop_lifter_122.mp4,shop_lifter_122.mp4,shop lifters,1
/content/ShopDataSet/Shop DataSet/non shop lifters/shop_lifter_n_46.mp4,shop_lifter_n_46.mp4,non shop lifters,0
/content/ShopDataSet/Shop DataSet/non shop lifters/videossssstttsss_49.mp4,videossssstttsss_49.mp4,non shop lifters,0
/content/ShopDataSet/Shop DataSet/shop lifters/videppppsss_48.mp4,videppppsss_48.mp4,shop lifters,1
/content/ShopDataSet/Shop DataSet/shop lifters/videmmmmmmsss_93.mp4,videmmmmmmsss_93.mp4,shop lifters,1
/content/ShopDataSet/Shop DataSet/shop lifters/videyyyyyyzzzzzyyyss_14.mp4,videyyyyyyzzzzzyyyss_14.mp4,shop lifters,1
/content/ShopDataSet/Shop DataSet/non shop lifters/shop_lifter_n_42.mp4,shop_lifter_n_42.mp4,non shop lifters,0
/content/ShopDataSet/Shop DataSet/non shop lifters/videppppsss_61.mp4,videppppsss_61.mp4,non shop lifters,0
/content/ShopDataSet/Shop DataSet/shop lifters/shop_lifter_110.mp4,shop_lifter_110.mp4,shop lifters,1
/content/ShopDataSet/Shop DataSet/shop lifters/shop_lifter_60.mp4,shop_lifter_60.mp4,shop lifters,1
/content/ShopDataSet/Shop DataSet/shop lifters/videyyyyyyyyyss_11.mp4,videyyyyyyyyyss_11.mp4,shop lifters,1
/content/ShopDataSet/Shop DataSet/non shop lifters/shop_lifter_n_218.mp4,shop_lifter_n_218.mp4,non shop lifters,0
/content/ShopDataSet/Shop DataSet/shop lifters/videyyyyyynnnnnnzzzzzyyyss_0.mp4,videyyyyyynnnnnnzzzzzyyyss_0.mp4,shop lifters,1
/content/ShopDataSet/Shop DataSet/shop lifters/videyyyyyyyyyss_30.mp4,videyyyyyyyyyss_30.mp4,shop lifters,1
/content/ShopDataSet/Shop DataSet/non shop lifters/videppppsss_47.mp4,videppppsss_47.mp4,non shop lifters,0
/content/ShopDataSet/Shop DataSet/non shop lifters/videppppsss_8.mp4,videppppsss_8.mp4,non shop lifters,0
/content/ShopDataSet/Shop DataSet/non shop lifters/videppppsss_46.mp4,videppppsss_46.mp4,non shop lifters,0
/content/ShopDataSet/Shop DataSet/non shop lifters/videppppsss_59.mp4,videppppsss_59.mp4,non shop lifters,0
/content/ShopDataSet/Shop DataSet/shop lifters/shop_lifter_101.mp4,shop_lifter_101.mp4,shop lifters,1
/content/ShopDataSet/Shop DataSet/shop lifters/videppppsss_26.mp4,videppppsss_26.mp4,shop lifters,1
/content/ShopDataSet/Shop DataSet/shop lifters/shop_lifter_23.mp4,shop_lifter_23.mp4,shop lifters,1
/content/ShopDataSet/Shop DataSet/non shop lifters/shop_lifter_n_212_1.mp4,shop_lifter_n_212_1.mp4,non shop lifters,0
/content/ShopDataSet/Shop DataSet/shop lifters/videppppsss_55.mp4,videppppsss_55.mp4,shop lifters,1
/content/ShopDataSet/Shop DataSet/shop lifters/videyyyyyyyyyss_12.mp4,videyyyyyyyyyss_12.mp4,shop lifters,1
/content/ShopDataSet/Shop DataSet/non shop lifters/shop_lifter_n_174.mp4,shop_lifter_n_174.mp4,non shop lifters,0
/content/ShopDataSet/Shop DataSet/shop lifters/shop_lifter_112.mp4,shop_lifter_112.mp4,shop lifters,1
/content/ShopDataSet/Shop DataSet/non shop lifters/videppppsss_19.mp4,videppppsss_19.mp4,non shop lifters,0
/content/ShopDataSet/Shop DataSet/shop lifters/shop_lifter_59.mp4,shop_lifter_59.mp4,shop lifters,1
/content/ShopDataSet/Shop DataSet/shop lifters/videmmmmmmsss_96.mp4,videmmmmmmsss_96.mp4,shop lifters,1
/content/ShopDataSet/Shop DataSet/shop lifters/shop_lifter_79.mp4,shop_lifter_79.mp4,shop lifters,1
/content/ShopDataSet/Shop DataSet/shop lifters/videyyyyyyyyyss_20.mp4,videyyyyyyyyyss_20.mp4,shop lifters,1
/content/ShopDataSet/Shop DataSet/shop lifters/shop_lifter_93.mp4,shop_lifter_93.mp4,shop lifters,1
/content/ShopDataSet/Shop DataSet/shop lifters/shop_lifter_69.mp4,shop_lifter_69.mp4,shop lifters,1
/content/ShopDataSet/Shop DataSet/shop lifters/videyyyyyynnnnnnzzzzzyyyss_2.mp4,videyyyyyynnnnnnzzzzzyyyss_2.mp4,shop lifters,1
/content/ShopDataSet/Shop DataSet/non shop lifters/shop_lifter_n_21_1.mp4,shop_lifter_n_21_1.mp4,non shop lifters,0
/content/ShopDataSet/Shop DataSet/non shop lifters/shop_lifter_n_210.mp4,shop_lifter_n_210.mp4,non shop lifters,0
/content/ShopDataSet/Shop DataSet/shop lifters/videyyyyyyyyyss_32.mp4,videyyyyyyyyyss_32.mp4,shop lifters,1
/content/ShopDataSet/Shop DataSet/shop lifters/shop_lifter_121.mp4,shop_lifter_121.mp4,shop lifters,1
/content/ShopDataSet/Shop DataSet/shop lifters/shop_lifter_67.mp4,shop_lifter_67.mp4,shop lifters,1
/content/ShopDataSet/Shop DataSet/shop lifters/shop_lifter_20.mp4,shop_lifter_20.mp4,shop lifters,1
/content/ShopDataSet/Shop DataSet/shop lifters/shop_lifter_87.mp4,shop_lifter_87.mp4,shop lifters,1
/content/ShopDataSet/Shop DataSet/shop lifters/shop_lifter_77.mp4,shop_lifter_77.mp4,shop lifters,1
/content/ShopDataSet/Shop DataSet/shop lifters/shop_lifter_65.mp4,shop_lifter_65.mp4,shop lifters,1
/content/ShopDataSet/Shop DataSet/shop lifters/videyyyyyynnnnnnzzzzzyyyss_29.mp4,videyyyyyynnnnnnzzzzzyyyss_29.mp4,shop lifters,1
/content/ShopDataSet/Shop DataSet/non shop lifters/videppppsss_11.mp4,videppppsss_11.mp4,non shop lifters,0
/content/ShopDataSet/Shop DataSet/shop lifters/videyyyyyyyyyss_17.mp4,videyyyyyyyyyss_17.mp4,shop lifters,1
/content/ShopDataSet/Shop DataSet/non shop lifters/shop_lifter_n_53_1.mp4,shop_lifter_n_53_1.mp4,non shop lifters,0
/content/ShopDataSet/Shop DataSet/shop lifters/shop_lifter_51.mp4,shop_lifter_51.mp4,shop lifters,1
/content/ShopDataSet/Shop DataSet/shop lifters/videyyyyyyzzzzzyyyss_13.mp4,videyyyyyyzzzzzyyyss_13.mp4,shop lifters,1
/content/ShopDataSet/Shop DataSet/non shop lifters/shop_lifter_n_54.mp4,shop_lifter_n_54.mp4,non shop lifters,0
/content/ShopDataSet/Shop DataSet/shop lifters/videyyyyyyyyyss_16.mp4,videyyyyyyyyyss_16.mp4,shop lifters,1
/content/ShopDataSet/Shop DataSet/non shop lifters/shop_lifter_n_90.mp4,shop_lifter_n_90.mp4,non shop lifters,0
/content/ShopDataSet/Shop DataSet/shop lifters/shop_lifter_44.mp4,shop_lifter_44.mp4,shop lifters,1
/content/ShopDataSet/Shop DataSet/shop lifters/videyyyyyyyyyss_34.mp4,videyyyyyyyyyss_34.mp4,shop lifters,1
/content/ShopDataSet/Shop DataSet/shop lifters/videyyyyyyyyyss_59.mp4,videyyyyyyyyyss_59.mp4,shop lifters,1
/content/ShopDataSet/Shop DataSet/non shop lifters/shop_lifter_n_35.mp4,shop_lifter_n_35.mp4,non shop lifters,0
/content/ShopDataSet/Shop DataSet/shop lifters/videppppsss_36.mp4,videppppsss_36.mp4,shop lifters,1
/content/ShopDataSet/Shop DataSet/shop lifters/videyyyyyyyyyss_18.mp4,videyyyyyyyyyss_18.mp4,shop lifters,1
/content/ShopDataSet/Shop DataSet/shop lifters/shop_lifter_127.mp4,shop_lifter_127.mp4,shop lifters,1
/content/ShopDataSet/Shop DataSet/non shop lifters/shop_lifter_n_27_1.mp4,shop_lifter_n_27_1.mp4,non shop lifters,0
/content/ShopDataSet/Shop DataSet/shop lifters/videyyyyyyyyyss_13.mp4,videyyyyyyyyyss_13.mp4,shop lifters,1
/content/ShopDataSet/Shop DataSet/non shop lifters/shop_lifter_n_24_1.mp4,shop_lifter_n_24_1.mp4,non shop lifters,0
/content/ShopDataSet/Shop DataSet/non shop lifters/shop_lifter_n_40.mp4,shop_lifter_n_40.mp4,non shop lifters,0
/content/ShopDataSet/Shop DataSet/shop lifters/shop_lifter_120.mp4,shop_lifter_120.mp4,shop lifters,1
/content/ShopDataSet/Shop DataSet/non shop lifters/videppppsss_34.mp4,videppppsss_34.mp4,non shop lifters,0
/content/ShopDataSet/Shop DataSet/non shop lifters/videppppsss_37.mp4,videppppsss_37.mp4,non shop lifters,0
/content/ShopDataSet/Shop DataSet/shop lifters/videppppsss_42.mp4,videppppsss_42.mp4,shop lifters,1
/content/ShopDataSet/Shop DataSet/shop lifters/shop_lifter_88.mp4,shop_lifter_88.mp4,shop lifters,1
/content/ShopDataSet/Shop DataSet/shop lifters/videppppsss_54.mp4,videppppsss_54.mp4,shop lifters,1
/content/ShopDataSet/Shop DataSet/non shop lifters/shop_lifter_n_22_1.mp4,shop_lifter_n_22_1.mp4,non shop lifters,0
/content/ShopDataSet/Shop DataSet/non shop lifters/shop_lifter_n_182_1.mp4,shop_lifter_n_182_1.mp4,non shop lifters,0
/content/ShopDataSet/Shop DataSet/non shop lifters/videppppsss_57.mp4,videppppsss_57.mp4,non shop lifters,0
/content/ShopDataSet/Shop DataSet/non shop lifters/shop_lifter_n_170.mp4,shop_lifter_n_170.mp4,non shop lifters,0
/content/ShopDataSet/Shop DataSet/non shop lifters/shop_lifter_n_15.mp4,shop_lifter_n_15.mp4,non shop lifters,0
/content/ShopDataSet/Shop DataSet/non shop lifters/videppppsss_63.mp4,videppppsss_63.mp4,non shop lifters,0
/content/ShopDataSet/Shop DataSet/shop lifters/videyyyyyynnnnnnzzzzzyyyss_24.mp4,videyyyyyynnnnnnzzzzzyyyss_24.mp4,shop lifters,1
/content/ShopDataSet/Shop DataSet/shop lifters/shop_lifter_46.mp4,shop_lifter_46.mp4,shop lifters,1
/content/ShopDataSet/Shop DataSet/shop lifters/videppppsss_35.mp4,videppppsss_35.mp4,shop lifters,1
/content/ShopDataSet/Shop DataSet/shop lifters/shop_lifter_34.mp4,shop_lifter_34.mp4,shop lifters,1
/content/ShopDataSet/Shop DataSet/shop lifters/videyyyyyyzzzzzyyyss_5.mp4,videyyyyyyzzzzzyyyss_5.mp4,shop lifters,1
/content/ShopDataSet/Shop DataSet/shop lifters/shop_lifter_104.mp4,shop_lifter_104.mp4,shop lifters,1
/content/ShopDataSet/Shop DataSet/shop lifters/videyyyyyynnnnnnzzzzzyyyss_21.mp4,videyyyyyynnnnnnzzzzzyyyss_21.mp4,shop lifters,1
/content/ShopDataSet/Shop DataSet/non shop lifters/videppppsss_10.mp4,videppppsss_10.mp4,non shop lifters,0
/content/ShopDataSet/Shop DataSet/shop lifters/shop_lifter_92.mp4,shop_lifter_92.mp4,shop lifters,1
/content/ShopDataSet/Shop DataSet/shop lifters/shop_lifter_78.mp4,shop_lifter_78.mp4,shop lifters,1
/content/ShopDataSet/Shop DataSet/non shop lifters/videppppsss_64.mp4,videppppsss_64.mp4,non shop lifters,0
/content/ShopDataSet/Shop DataSet/non shop lifters/shop_lifter_n_20_1.mp4,shop_lifter_n_20_1.mp4,non shop lifters,0
/content/ShopDataSet/Shop DataSet/non shop lifters/shop_lifter_n_152_1.mp4,shop_lifter_n_152_1.mp4,non shop lifters,0
/content/ShopDataSet/Shop DataSet/shop lifters/shop_lifter_116.mp4,shop_lifter_116.mp4,shop lifters,1
/content/ShopDataSet/Shop DataSet/non shop lifters/videppppsss_36.mp4,videppppsss_36.mp4,non shop lifters,0
/content/ShopDataSet/Shop DataSet/shop lifters/videyyyyyynnnnnnzzzzzyyyss_17.mp4,videyyyyyynnnnnnzzzzzyyyss_17.mp4,shop lifters,1
/content/ShopDataSet/Shop DataSet/shop lifters/videyyyyyynnnnnnzzzzzyyyss_11.mp4,videyyyyyynnnnnnzzzzzyyyss_11.mp4,shop lifters,1
/content/ShopDataSet/Shop DataSet/shop lifters/videyyyyyyyyyss_52.mp4,videyyyyyyyyyss_52.mp4,shop lifters,1
/content/ShopDataSet/Shop DataSet/shop lifters/shop_lifter_111.mp4,shop_lifter_111.mp4,shop lifters,1
/content/ShopDataSet/Shop DataSet/shop lifters/videyyyyyyzzzzzyyyss_8.mp4,videyyyyyyzzzzzyyyss_8.mp4,shop lifters,1
/content/ShopDataSet/Shop DataSet/shop lifters/videyyyyyyyyyss_2.mp4,videyyyyyyyyyss_2.mp4,shop lifters,1
/content/ShopDataSet/Shop DataSet/shop lifters/videyyyyyyyyyss_3.mp4,videyyyyyyyyyss_3.mp4,shop lifters,1
/content/ShopDataSet/Shop DataSet/shop lifters/shop_lifter_53.mp4,shop_lifter_53.mp4,shop lifters,1
/content/ShopDataSet/Shop DataSet/shop lifters/shop_lifter_98.mp4,shop_lifter_98.mp4,shop lifters,1
/content/ShopDataSet/Shop DataSet/non shop lifters/shop_lifter_n_44_1.mp4,shop_lifter_n_44_1.mp4,non shop lifters,0
/content/ShopDataSet/Shop DataSet/shop lifters/videyyyyyyyyyss_22.mp4,videyyyyyyyyyss_22.mp4,shop lifters,1
/content/ShopDataSet/Shop DataSet/shop lifters/videyyyyyyyyyss_60.mp4,videyyyyyyyyyss_60.mp4,shop lifters,1
/content/ShopDataSet/Shop DataSet/non shop lifters/shop_lifter_n_19_1.mp4,shop_lifter_n_19_1.mp4,non shop lifters,0
/content/ShopDataSet/Shop DataSet/non shop lifters/shop_lifter_n_85.mp4,shop_lifter_n_85.mp4,non shop lifters,0
/content/ShopDataSet/Shop DataSet/non shop lifters/shop_lifter_n_48_1.mp4,shop_lifter_n_48_1.mp4,non shop lifters,0
/content/ShopDataSet/Shop DataSet/non shop lifters/shop_lifter_n_175.mp4,shop_lifter_n_175.mp4,non shop lifters,0
/content/ShopDataSet/Shop DataSet/shop lifters/videyyyyyynnnnnnzzzzzyyyss_15.mp4,videyyyyyynnnnnnzzzzzyyyss_15.mp4,shop lifters,1
/content/ShopDataSet/Shop DataSet/shop lifters/shop_lifter_100.mp4,shop_lifter_100.mp4,shop lifters,1
/content/ShopDataSet/Shop DataSet/shop lifters/videmmmmmmsss_95.mp4,videmmmmmmsss_95.mp4,shop lifters,1
/content/ShopDataSet/Shop DataSet/shop lifters/videyyyyyyyyyss_25.mp4,videyyyyyyyyyss_25.mp4,shop lifters,1
/content/ShopDataSet/Shop DataSet/shop lifters/videppppsss_37.mp4,videppppsss_37.mp4,shop lifters,1
/content/ShopDataSet/Shop DataSet/shop lifters/videyyyyyyzzzzzyyyss_23.mp4,videyyyyyyzzzzzyyyss_23.mp4,shop lifters,1
/content/ShopDataSet/Shop DataSet/non shop lifters/shop_lifter_n_12_1.mp4,shop_lifter_n_12_1.mp4,non shop lifters,0
/content/ShopDataSet/Shop DataSet/shop lifters/videyyyyyyyyyss_56.mp4,videyyyyyyyyyss_56.mp4,shop lifters,1
/content/ShopDataSet/Shop DataSet/non shop lifters/shop_lifter_n_3_1.mp4,shop_lifter_n_3_1.mp4,non shop lifters,0
/content/ShopDataSet/Shop DataSet/shop lifters/shop_lifter_72.mp4,shop_lifter_72.mp4,shop lifters,1
/content/ShopDataSet/Shop DataSet/shop lifters/videppppsss_39.mp4,videppppsss_39.mp4,shop lifters,1
/content/ShopDataSet/Shop DataSet/shop lifters/videyyyyyyyyyss_41.mp4,videyyyyyyyyyss_41.mp4,shop lifters,1
/content/ShopDataSet/Shop DataSet/non shop lifters/shop_lifter_n_13.mp4,shop_lifter_n_13.mp4,non shop lifters,0
/content/ShopDataSet/Shop DataSet/shop lifters/videyyyyyyzzzzzyyyss_9.mp4,videyyyyyyzzzzzyyyss_9.mp4,shop lifters,1
/content/ShopDataSet/Shop DataSet/non shop lifters/shop_lifter_n_180_1.mp4,shop_lifter_n_180_1.mp4,non shop lifters,0
/content/ShopDataSet/Shop DataSet/non shop lifters/shop_lifter_n_208_1.mp4,shop_lifter_n_208_1.mp4,non shop lifters,0
/content/ShopDataSet/Shop DataSet/non shop lifters/shop_lifter_n_52.mp4,shop_lifter_n_52.mp4,non shop lifters,0
/content/ShopDataSet/Shop DataSet/shop lifters/shop_lifter_54.mp4,shop_lifter_54.mp4,shop lifters,1
/content/ShopDataSet/Shop DataSet/shop lifters/shop_lifter_48.mp4,shop_lifter_48.mp4,shop lifters,1
/content/ShopDataSet/Shop DataSet/shop lifters/videppppsss_46.mp4,videppppsss_46.mp4,shop lifters,1
/content/ShopDataSet/Shop DataSet/non shop lifters/shop_lifter_n_118.mp4,shop_lifter_n_118.mp4,non shop lifters,0
/content/ShopDataSet/Shop DataSet/shop lifters/shop_lifter_18.mp4,shop_lifter_18.mp4,shop lifters,1
/content/ShopDataSet/Shop DataSet/shop lifters/videppppsss_53.mp4,videppppsss_53.mp4,shop lifters,1
/content/ShopDataSet/Shop DataSet/non shop lifters/videppppsss_17.mp4,videppppsss_17.mp4,non shop lifters,0
/content/ShopDataSet/Shop DataSet/non shop lifters/shop_lifter_n_214_1.mp4,shop_lifter_n_214_1.mp4,non shop lifters,0
/content/ShopDataSet/Shop DataSet/shop lifters/videyyyyyynnnnnnzzzzzyyyss_13.mp4,videyyyyyynnnnnnzzzzzyyyss_13.mp4,shop lifters,1
/content/ShopDataSet/Shop DataSet/shop lifters/videyyyyyyyyyss_24.mp4,videyyyyyyyyyss_24.mp4,shop lifters,1
/content/ShopDataSet/Shop DataSet/non shop lifters/videppppsss_3.mp4,videppppsss_3.mp4,non shop lifters,0
/content/ShopDataSet/Shop DataSet/non shop lifters/shop_lifter_n_10.mp4,shop_lifter_n_10.mp4,non shop lifters,0
/content/ShopDataSet/Shop DataSet/non shop lifters/shop_lifter_n_107_1.mp4,shop_lifter_n_107_1.mp4,non shop lifters,0
/content/ShopDataSet/Shop DataSet/shop lifters/videyyyyyyyyyss_65.mp4,videyyyyyyyyyss_65.mp4,shop lifters,1
/content/ShopDataSet/Shop DataSet/shop lifters/videyyyyyyyyyss_26.mp4,videyyyyyyyyyss_26.mp4,shop lifters,1
/content/ShopDataSet/Shop DataSet/shop lifters/videppppsss_40.mp4,videppppsss_40.mp4,shop lifters,1
/content/ShopDataSet/Shop DataSet/shop lifters/videyyyyyynnnnnnzzzzzyyyss_10.mp4,videyyyyyynnnnnnzzzzzyyyss_10.mp4,shop lifters,1
/content/ShopDataSet/Shop DataSet/shop lifters/videmmmmmmsss_85.mp4,videmmmmmmsss_85.mp4,shop lifters,1
/content/ShopDataSet/Shop DataSet/shop lifters/shop_lifter_14.mp4,shop_lifter_14.mp4,shop lifters,1
/content/ShopDataSet/Shop DataSet/non shop lifters/shop_lifter_n_26_1.mp4,shop_lifter_n_26_1.mp4,non shop lifters,0
/content/ShopDataSet/Shop DataSet/non shop lifters/shop_lifter_n_111.mp4,shop_lifter_n_111.mp4,non shop lifters,0
/content/ShopDataSet/Shop DataSet/shop lifters/videyyyyyynnnnnnzzzzzyyyss_4.mp4,videyyyyyynnnnnnzzzzzyyyss_4.mp4,shop lifters,1
/content/ShopDataSet/Shop DataSet/shop lifters/videyyyyyyyyyss_1.mp4,videyyyyyyyyyss_1.mp4,shop lifters,1
/content/ShopDataSet/Shop DataSet/shop lifters/shop_lifter_29.mp4,shop_lifter_29.mp4,shop lifters,1
/content/ShopDataSet/Shop DataSet/non shop lifters/shop_lifter_n_45_1.mp4,shop_lifter_n_45_1.mp4,non shop lifters,0
/content/ShopDataSet/Shop DataSet/shop lifters/videppppsss_47.mp4,videppppsss_47.mp4,shop lifters,1
/content/ShopDataSet/Shop DataSet/shop lifters/videyyyyyynnnnnnzzzzzyyyss_7.mp4,videyyyyyynnnnnnzzzzzyyyss_7.mp4,shop lifters,1
/content/ShopDataSet/Shop DataSet/shop lifters/shop_lifter_126.mp4,shop_lifter_126.mp4,shop lifters,1
/content/ShopDataSet/Shop DataSet/non shop lifters/shop_lifter_n_213_1.mp4,shop_lifter_n_213_1.mp4,non shop lifters,0
/content/ShopDataSet/Shop DataSet/shop lifters/videyyyyyyyyyss_63.mp4,videyyyyyyyyyss_63.mp4,shop lifters,1
/content/ShopDataSet/Shop DataSet/shop lifters/shop_lifter_71.mp4,shop_lifter_71.mp4,shop lifters,1
/content/ShopDataSet/Shop DataSet/shop lifters/shop_lifter_89.mp4,shop_lifter_89.mp4,shop lifters,1
/content/ShopDataSet/Shop DataSet/shop lifters/shop_lifter_4.mp4,shop_lifter_4.mp4,shop lifters,1
/content/ShopDataSet/Shop DataSet/shop lifters/shop_lifter_57.mp4,shop_lifter_57.mp4,shop lifters,1
/content/ShopDataSet/Shop DataSet/non shop lifters/shop_lifter_n_71.mp4,shop_lifter_n_71.mp4,non shop lifters,0
/content/ShopDataSet/Shop DataSet/shop lifters/shop_lifter_45.mp4,shop_lifter_45.mp4,shop lifters,1
/content/ShopDataSet/Shop DataSet/shop lifters/videppppsss_31.mp4,videppppsss_31.mp4,shop lifters,1
/content/ShopDataSet/Shop DataSet/non shop lifters/shop_lifter_n_30.mp4,shop_lifter_n_30.mp4,non shop lifters,0
/content/ShopDataSet/Shop DataSet/shop lifters/videyyyyyyzzzzzyyyss_10.mp4,videyyyyyyzzzzzyyyss_10.mp4,shop lifters,1
/content/ShopDataSet/Shop DataSet/non shop lifters/shop_lifter_n_173_1.mp4,shop_lifter_n_173_1.mp4,non shop lifters,0
/content/ShopDataSet/Shop DataSet/shop lifters/shop_lifter_124.mp4,shop_lifter_124.mp4,shop lifters,1
/content/ShopDataSet/Shop DataSet/non shop lifters/shop_lifter_n_47_1.mp4,shop_lifter_n_47_1.mp4,non shop lifters,0
/content/ShopDataSet/Shop DataSet/non shop lifters/shop_lifter_n_153_1.mp4,shop_lifter_n_153_1.mp4,non shop lifters,0
/content/ShopDataSet/Shop DataSet/non shop lifters/shop_lifter_n_43.mp4,shop_lifter_n_43.mp4,non shop lifters,0
/content/ShopDataSet/Shop DataSet/non shop lifters/videppppsss_4.mp4,videppppsss_4.mp4,non shop lifters,0
/content/ShopDataSet/Shop DataSet/shop lifters/shop_lifter_123.mp4,shop_lifter_123.mp4,shop lifters,1
/content/ShopDataSet/Shop DataSet/shop lifters/shop_lifter_80.mp4,shop_lifter_80.mp4,shop lifters,1
/content/ShopDataSet/Shop DataSet/shop lifters/videyyyyyynnnnnnzzzzzyyyss_8.mp4,videyyyyyynnnnnnzzzzzyyyss_8.mp4,shop lifters,1
/content/ShopDataSet/Shop DataSet/non shop lifters/videppppsss_21.mp4,videppppsss_21.mp4,non shop lifters,0
/content/ShopDataSet/Shop DataSet/shop lifters/shop_lifter_49.mp4,shop_lifter_49.mp4,shop lifters,1
/content/ShopDataSet/Shop DataSet/non shop lifters/videppppsss_23.mp4,videppppsss_23.mp4,non shop lifters,0
/content/ShopDataSet/Shop DataSet/non shop lifters/videppppsss_56.mp4,videppppsss_56.mp4,non shop lifters,0
/content/ShopDataSet/Shop DataSet/shop lifters/videyyyyyyyyyss_54.mp4,videyyyyyyyyyss_54.mp4,shop lifters,1
/content/ShopDataSet/Shop DataSet/non shop lifters/shop_lifter_n_115_1.mp4,shop_lifter_n_115_1.mp4,non shop lifters,0
/content/ShopDataSet/Shop DataSet/non shop lifters/videppppsss_25.mp4,videppppsss_25.mp4,non shop lifters,0
/content/ShopDataSet/Shop DataSet/non shop lifters/shop_lifter_n_177_1.mp4,shop_lifter_n_177_1.mp4,non shop lifters,0
/content/ShopDataSet/Shop DataSet/non shop lifters/shop_lifter_n_18_1.mp4,shop_lifter_n_18_1.mp4,non shop lifters,0
/content/ShopDataSet/Shop DataSet/shop lifters/videmmmmmmsss_100.mp4,videmmmmmmsss_100.mp4,shop lifters,1
/content/ShopDataSet/Shop DataSet/shop lifters/videyyyyyyyyyss_15.mp4,videyyyyyyyyyss_15.mp4,shop lifters,1
/content/ShopDataSet/Shop DataSet/non shop lifters/shop_lifter_n_186_1.mp4,shop_lifter_n_186_1.mp4,non shop lifters,0
/content/ShopDataSet/Shop DataSet/shop lifters/videyyyyyynnnnnnzzzzzyyyss_23.mp4,videyyyyyynnnnnnzzzzzyyyss_23.mp4,shop lifters,1
/content/ShopDataSet/Shop DataSet/shop lifters/shop_lifter_75.mp4,shop_lifter_75.mp4,shop lifters,1
/content/ShopDataSet/Shop DataSet/shop lifters/videyyyyyyyyyss_33.mp4,videyyyyyyyyyss_33.mp4,shop lifters,1
/content/ShopDataSet/Shop DataSet/non shop lifters/shop_lifter_n_151_1.mp4,shop_lifter_n_151_1.mp4,non shop lifters,0
/content/ShopDataSet/Shop DataSet/shop lifters/shop_lifter_113.mp4,shop_lifter_113.mp4,shop lifters,1
/content/ShopDataSet/Shop DataSet/shop lifters/shop_lifter_40.mp4,shop_lifter_40.mp4,shop lifters,1
/content/ShopDataSet/Shop DataSet/non shop lifters/videppppsss_5.mp4,videppppsss_5.mp4,non shop lifters,0
/content/ShopDataSet/Shop DataSet/shop lifters/videmmmmmmsss_89.mp4,videmmmmmmsss_89.mp4,shop lifters,1
/content/ShopDataSet/Shop DataSet/non shop lifters/videppppsss_53.mp4,videppppsss_53.mp4,non shop lifters,0
